Date,Rate
2024-07-30,0.0329
2024-07-29,0.0333
2024-07-28,0.0333
2024-07-27,0.0333
2024-07-26,0.0337
2024-07-25,0.0341
2024-07-24,0.0343
2024-07-23,0.034
2024-07-22,0.0341
2024-07-21,0.0341
2024-07-20,0.0341
2024-07-19,0.0339
2024-07-18,0.0336
2024-07-17,0.0333
2024-07-16,0.0335
2024-07-15,0.0341
2024-07-14,0.0341
2024-07-13,0.0341
2024-07-12,0.0338
2024-07-11,0.034
2024-07-10,0.0342
2024-07-09,0.0344
2024-07-08,0.0342
2024-07-07,0.0342
2024-07-06,0.0342
2024-07-05,0.0346
2024-07-04,0.0353
2024-07-03,0.035
2024-07-02,0.0353
2024-07-01,0.0353
2024-06-30,0.0353
2024-06-29,0.0353
2024-06-28,0.0342
2024-06-27,0.0339
2024-06-26,0.0339
2024-06-25,0.0329
2024-06-24,0.0329
2024-06-23,0.0329
2024-06-22,0.0329
2024-06-21,0.0329
2024-06-20,0.0328
2024-06-19,0.0325
2024-06-18,0.0322
2024-06-17,0.0326
2024-06-16,0.0326
2024-06-15,0.0326
2024-06-14,0.0324
2024-06-13,0.0329
2024-06-12,0.0337
2024-06-11,0.0343
2024-06-10,0.0346
2024-06-09,0.0346
2024-06-08,0.0346
2024-06-07,0.0342
2024-06-06,0.0335
2024-06-05,0.0332
2024-06-04,0.0335
2024-06-03,0.034
2024-06-02,0.034
2024-06-01,0.034
2024-05-31,0.0353
2024-05-30,0.0361
2024-05-29,0.0365
2024-05-28,0.036
2024-05-27,0.0353
2024-05-26,0.0353
2024-05-25,0.0353
2024-05-24,0.0352
2024-05-23,0.0353
2024-05-22,0.035
2024-05-21,0.0349
2024-05-20,0.0349
2024-05-19,0.0349
2024-05-18,0.0349
2024-05-17,0.0352
2024-05-16,0.0347
2024-05-15,0.0348
2024-05-14,0.0358
2024-05-13,0.0357
2024-05-12,0.0357
2024-05-11,0.0357
2024-05-10,0.0359
2024-05-09,0.0354
2024-05-08,0.0355
2024-05-07,0.0349
2024-05-06,0.0353
2024-05-05,0.0353
2024-05-04,0.0353
2024-05-03,0.0358
2024-05-02,0.0365
2024-05-01,0.0367
2024-04-30,0.0372
2024-04-29,0.0367
2024-04-28,0.0367
2024-04-27,0.0367
2024-04-26,0.0373
2024-04-25,0.0377
2024-04-24,0.0373
2024-04-23,0.0369
2024-04-22,0.0369
2024-04-21,0.0369
2024-04-20,0.0369
2024-04-19,0.0367
2024-04-18,0.0369
2024-04-17,0.0364
2024-04-16,0.0368
2024-04-15,0.0366
2024-04-14,0.0366
2024-04-13,0.0366
2024-04-12,0.0357
2024-04-11,0.0364
2024-04-10,0.0361
2024-04-09,0.035
2024-04-08,0.0355
2024-04-07,0.0355
2024-04-06,0.0355
2024-04-05,0.0353
2024-04-04,0.0349
2024-04-03,0.0353
2024-04-02,0.0354
2024-04-01,0.0351
2024-03-31,0.0351
2024-03-30,0.0351
2024-03-29,0.0351
2024-03-28,0.0337
2024-03-27,0.0338
2024-03-26,0.0343
2024-03-25,0.0343
2024-03-24,0.0343
2024-03-23,0.0343
2024-03-22,0.034
2024-03-21,0.0346
2024-03-20,0.0343
2024-03-19,0.0346
2024-03-18,0.035
2024-03-17,0.035
2024-03-16,0.035
2024-03-15,0.0344
2024-03-14,0.0344
2024-03-13,0.0336
2024-03-12,0.0333
2024-03-11,0.033
2024-03-10,0.033
2024-03-09,0.033
2024-03-08,0.0327
2024-03-07,0.0328
2024-03-06,0.0327
2024-03-05,0.0329
2024-03-04,0.0338
2024-03-03,0.0338
2024-03-02,0.0338
2024-03-01,0.0336
2024-02-29,0.0332
2024-02-28,0.0336
2024-02-27,0.0345
2024-02-26,0.0339
2024-02-25,0.0339
2024-02-24,0.0339
2024-02-23,0.0336
2024-02-22,0.0344
2024-02-21,0.0346
2024-02-20,0.0342
2024-02-19,0.0342
2024-02-18,0.0342
2024-02-17,0.0342
2024-02-16,0.0347
2024-02-15,0.0344
2024-02-14,0.0345
2024-02-13,0.0352
2024-02-12,0.0347
2024-02-11,0.0347
2024-02-10,0.0347
2024-02-09,0.0345
2024-02-08,0.0348
2024-02-07,0.034
2024-02-06,0.0336
2024-02-05,0.0342
2024-02-04,0.0342
2024-02-03,0.0342
2024-02-02,0.0332
2024-02-01,0.0321
2024-01-31,0.0331
2024-01-30,0.0336
2024-01-29,0.0342
2024-01-28,0.0342
2024-01-27,0.0342
2024-01-26,0.035
2024-01-25,0.0348
2024-01-24,0.0348
2024-01-23,0.0344
2024-01-22,0.0342
2024-01-21,0.0342
2024-01-20,0.0342
2024-01-19,0.0346
2024-01-18,0.0345
2024-01-17,0.034
2024-01-16,0.0333
2024-01-15,0.0321
2024-01-14,0.0321
2024-01-13,0.0321
2024-01-12,0.0321
2024-01-11,0.0321
2024-01-10,0.0321
2024-01-09,0.0316
2024-01-08,0.0317
2024-01-07,0.0317
2024-01-06,0.0317
2024-01-05,0.0322
2024-01-04,0.0317
2024-01-03,0.031
2024-01-02,0.0313
2024-01-01,0.0313
2023-12-31,0.0313
2023-12-30,0.0313
2023-12-29,0.0305
2023-12-28,0.0305
2023-12-27,0.03
2023-12-26,0.03
2023-12-25,0.03
2023-12-24,0.03
2023-12-23,0.03
2023-12-22,0.031
2023-12-21,0.0301
2023-12-20,0.0293
2023-12-19,0.0298
2023-12-18,0.03
2023-12-17,0.03
2023-12-16,0.03
2023-12-15,0.0295
2023-12-14,0.0301
2023-12-13,0.0313
2023-12-12,0.0325
2023-12-11,0.0325
2023-12-10,0.0325
2023-12-09,0.0325
2023-12-08,0.0322
2023-12-07,0.0317
2023-12-06,0.0316
2023-12-05,0.032
2023-12-04,0.033
2023-12-03,0.033
2023-12-02,0.033
2023-12-01,0.033
2023-11-30,0.0342
2023-11-29,0.0339
2023-11-28,0.0344
2023-11-27,0.0348
2023-11-26,0.0348
2023-11-25,0.0348
2023-11-24,0.0356
2023-11-23,0.0358
2023-11-22,0.0353
2023-11-21,0.0353
2023-11-20,0.0353
2023-11-19,0.0353
2023-11-18,0.0353
2023-11-17,0.0356
2023-11-16,0.0357
2023-11-15,0.0362
2023-11-14,0.0356
2023-11-13,0.0356
2023-11-12,0.0356
2023-11-11,0.0356
2023-11-10,0.0368
2023-11-09,0.0371
2023-11-08,0.0357
2023-11-07,0.0363
2023-11-06,0.0368
2023-11-05,0.0368
2023-11-04,0.0368
2023-11-03,0.0363
2023-11-02,0.0371
2023-11-01,0.0381
2023-10-31,0.0392
2023-10-30,0.0389
2023-10-29,0.0389
2023-10-28,0.0389
2023-10-27,0.0381
2023-10-26,0.0384
2023-10-25,0.0396
2023-10-24,0.0384
2023-10-23,0.0385
2023-10-22,0.0385
2023-10-21,0.0385
2023-10-20,0.0394
2023-10-19,0.04
2023-10-18,0.0388
2023-10-17,0.0385
2023-10-16,0.0382
2023-10-15,0.0382
2023-10-14,0.0382
2023-10-13,0.0378
2023-10-12,0.0387
2023-10-11,0.0375
2023-10-10,0.0383
2023-10-09,0.0383
2023-10-08,0.0383
2023-10-07,0.0383
2023-10-06,0.0397
2023-10-05,0.0398
2023-10-04,0.0399
2023-10-03,0.0407
2023-10-02,0.0407
2023-10-01,0.0407
2023-09-30,0.0407
2023-09-29,0.0388
2023-09-28,0.0392
2023-09-27,0.0393
2023-09-26,0.0388
2023-09-25,0.0387
2023-09-24,0.0387
2023-09-23,0.0387
2023-09-22,0.0376
2023-09-21,0.0379
2023-09-20,0.037
2023-09-19,0.0369
2023-09-18,0.0362
2023-09-17,0.0362
2023-09-16,0.0362
2023-09-15,0.0362
2023-09-14,0.0358
2023-09-13,0.0357
2023-09-12,0.0357
2023-09-11,0.0357
2023-09-10,0.0357
2023-09-09,0.0357
2023-09-08,0.0354
2023-09-07,0.0354
2023-09-06,0.0356
2023-09-05,0.0356
2023-09-04,0.0356
2023-09-03,0.0356
2023-09-02,0.0356
2023-09-01,0.0346
2023-08-31,0.0344
2023-08-30,0.0346
2023-08-29,0.0347
2023-08-28,0.0354
2023-08-27,0.0354
2023-08-26,0.0354
2023-08-25,0.0356
2023-08-24,0.0356
2023-08-23,0.0352
2023-08-22,0.0367
2023-08-21,0.0365
2023-08-20,0.0365
2023-08-19,0.0365
2023-08-18,0.0359
2023-08-17,0.0365
2023-08-16,0.0366
2023-08-15,0.0363
2023-08-14,0.0358
2023-08-13,0.0358
2023-08-12,0.0358
2023-08-11,0.0354
2023-08-10,0.0352
2023-08-09,0.0345
2023-08-08,0.0346
2023-08-07,0.0346
2023-08-06,0.0346
2023-08-05,0.0346
2023-08-04,0.0349
2023-08-03,0.0363
2023-08-02,0.0349
2023-08-01,0.0346
2023-07-31,0.0335
2023-07-30,0.0335
2023-07-29,0.0335
2023-07-28,0.0338
2023-07-27,0.0347
2023-07-26,0.0334
2023-07-25,0.0339
2023-07-24,0.0338
2023-07-23,0.0338
2023-07-22,0.0338
2023-07-21,0.0331
2023-07-20,0.0337
2023-07-19,0.0325
2023-07-18,0.033
2023-07-17,0.0331
2023-07-16,0.0331
2023-07-15,0.0331
2023-07-14,0.0328
2023-07-13,0.0327
2023-07-12,0.0331
2023-07-11,0.0338
2023-07-10,0.0337
2023-07-09,0.0337
2023-07-08,0.0337
2023-07-07,0.0339
2023-07-06,0.0331
2023-07-05,0.0327
2023-07-04,0.0318
2023-07-03,0.0318
2023-07-02,0.0318
2023-07-01,0.0318
2023-06-30,0.0314
2023-06-29,0.0323
2023-06-28,0.0315
2023-06-27,0.0322
2023-06-26,0.0321
2023-06-25,0.0321
2023-06-24,0.0321
2023-06-23,0.0325
2023-06-22,0.0334
2023-06-21,0.0326
2023-06-20,0.0324
2023-06-19,0.033
2023-06-18,0.033
2023-06-17,0.033
2023-06-16,0.0324
2023-06-15,0.0325
2023-06-14,0.0332
2023-06-13,0.0335
2023-06-12,0.0328
2023-06-11,0.0328
2023-06-10,0.0328
2023-06-09,0.033
2023-06-08,0.0332
2023-06-07,0.0333
2023-06-06,0.0322
2023-06-05,0.0323
2023-06-04,0.0323
2023-06-03,0.0323
2023-06-02,0.0319
2023-06-01,0.0313
2023-05-31,0.0318
2023-05-30,0.0325
2023-05-29,0.033
2023-05-28,0.033
2023-05-27,0.033
2023-05-26,0.0333
2023-05-25,0.0333
2023-05-24,0.033
2023-05-23,0.0326
2023-05-22,0.0326
2023-05-21,0.0326
2023-05-20,0.0326
2023-05-19,0.0318
2023-05-18,0.032
2023-05-17,0.0313
2023-05-16,0.0311
2023-05-15,0.0304
2023-05-14,0.0304
2023-05-13,0.0304
2023-05-12,0.0298
2023-05-11,0.0297
2023-05-10,0.0304
2023-05-09,0.0309
2023-05-08,0.0311
2023-05-07,0.0311
2023-05-06,0.0311
2023-05-05,0.0305
2023-05-04,0.0296
2023-05-03,0.0293
2023-05-02,0.0296
2023-05-01,0.0306
2023-04-30,0.0306
2023-04-29,0.0306
2023-04-28,0.0297
2023-04-27,0.0306
2023-04-26,0.0298
2023-04-25,0.0292
2023-04-24,0.0303
2023-04-23,0.0303
2023-04-22,0.0303
2023-04-21,0.0305
2023-04-20,0.0308
2023-04-19,0.0315
2023-04-18,0.0316
2023-04-17,0.0318
2023-04-16,0.0318
2023-04-15,0.0318
2023-04-14,0.0315
2023-04-13,0.0308
2023-04-12,0.0301
2023-04-11,0.0302
2023-04-10,0.0301
2023-04-09,0.0301
2023-04-08,0.0301
2023-04-07,0.0301
2023-04-06,0.0295
2023-04-05,0.0296
2023-04-04,0.0294
2023-04-03,0.0298
2023-04-02,0.0298
2023-04-01,0.0298
2023-03-31,0.0303
2023-03-30,0.0304
2023-03-29,0.0306
2023-03-28,0.0306
2023-03-27,0.0304
2023-03-26,0.0304
2023-03-25,0.0304
2023-03-24,0.029
2023-03-23,0.0293
2023-03-22,0.0291
2023-03-21,0.03
2023-03-20,0.0295
2023-03-19,0.0295
2023-03-18,0.0295
2023-03-17,0.029
2023-03-16,0.0299
2023-03-15,0.0289
2023-03-14,0.0287
2023-03-13,0.0283
2023-03-12,0.0283
2023-03-11,0.0283
2023-03-10,0.0286
2023-03-09,0.031
2023-03-08,0.0317
2023-03-07,0.0324
2023-03-06,0.0328
2023-03-05,0.0328
2023-03-04,0.0328
2023-03-03,0.0325
2023-03-02,0.0339
2023-03-01,0.0332
2023-02-28,0.0326
2023-02-27,0.0331
2023-02-26,0.0331
2023-02-25,0.0331
2023-02-24,0.0333
2023-02-23,0.0329
2023-02-22,0.0334
2023-02-21,0.0339
2023-02-20,0.0339
2023-02-19,0.0339
2023-02-18,0.0339
2023-02-17,0.0329
2023-02-16,0.0331
2023-02-15,0.0329
2023-02-14,0.032
2023-02-13,0.0314
2023-02-12,0.0314
2023-02-11,0.0314
2023-02-10,0.0319
2023-02-09,0.0312
2023-02-08,0.0309
2023-02-07,0.0314
2023-02-06,0.031
2023-02-05,0.031
2023-02-04,0.031
2023-02-03,0.0301
2023-02-02,0.0294
2023-02-01,0.0294
2023-01-31,0.03
2023-01-30,0.0298
2023-01-29,0.0298
2023-01-28,0.0298
2023-01-27,0.0297
2023-01-26,0.0295
2023-01-25,0.0292
2023-01-24,0.0298
2023-01-23,0.03
2023-01-22,0.03
2023-01-21,0.03
2023-01-20,0.0294
2023-01-19,0.0286
2023-01-18,0.0285
2023-01-17,0.0294
2023-01-16,0.0293
2023-01-15,0.0293
2023-01-14,0.0293
2023-01-13,0.0294
2023-01-12,0.0295
2023-01-11,0.0306
2023-01-10,0.0315
2023-01-09,0.0312
2023-01-08,0.0312
2023-01-07,0.0312
2023-01-06,0.0312
2023-01-05,0.0318
2023-01-04,0.0317
2023-01-03,0.0324
2023-01-02,0.0324
2023-01-01,0.0324
2022-12-31,0.0324
2022-12-30,0.0331
2022-12-29,0.0327
2022-12-28,0.0331
2022-12-27,0.0331
2022-12-26,0.0331
2022-12-25,0.0331
2022-12-24,0.0331
2022-12-23,0.032
2022-12-22,0.0312
2022-12-21,0.0307
2022-12-20,0.0307
2022-12-19,0.03
2022-12-18,0.03
2022-12-17,0.03
2022-12-16,0.029
2022-12-15,0.0284
2022-12-14,0.0288
2022-12-13,0.0288
2022-12-12,0.0292
2022-12-11,0.0292
2022-12-10,0.0292
2022-12-09,0.0286
2022-12-08,0.0278
2022-12-07,0.0277
2022-12-06,0.028
2022-12-05,0.0286
2022-12-04,0.0286
2022-12-03,0.0286
2022-12-02,0.0282
2022-12-01,0.0289
2022-11-30,0.0302
2022-11-29,0.0304
2022-11-28,0.0299
2022-11-27,0.0299
2022-11-26,0.0299
2022-11-25,0.0297
2022-11-24,0.0297
2022-11-23,0.0301
2022-11-22,0.031
2022-11-21,0.0316
2022-11-20,0.0316
2022-11-19,0.0316
2022-11-18,0.0323
2022-11-17,0.032
2022-11-16,0.0315
2022-11-15,0.0325
2022-11-14,0.0329
2022-11-13,0.0329
2022-11-12,0.0329
2022-11-11,0.0329
2022-11-10,0.0328
2022-11-09,0.035
2022-11-08,0.0355
2022-11-07,0.0366
2022-11-06,0.0366
2022-11-05,0.0366
2022-11-04,0.0354
2022-11-03,0.0344
2022-11-02,0.0337
2022-11-01,0.033
2022-10-31,0.0335
2022-10-30,0.0335
2022-10-29,0.0335
2022-10-28,0.0333
2022-10-27,0.0334
2022-10-26,0.0343
2022-10-25,0.036
2022-10-24,0.0367
2022-10-23,0.0367
2022-10-22,0.0367
2022-10-21,0.0371
2022-10-20,0.0371
2022-10-19,0.0358
2022-10-18,0.0339
2022-10-17,0.0345
2022-10-16,0.0345
2022-10-15,0.0345
2022-10-14,0.0346
2022-10-13,0.0339
2022-10-12,0.0342
2022-10-11,0.0341
2022-10-10,0.0341
2022-10-09,0.0341
2022-10-08,0.0341
2022-10-07,0.0331
2022-10-06,0.0328
2022-10-05,0.0327
2022-10-04,0.0316
2022-10-03,0.0317
2022-10-02,0.0317
2022-10-01,0.0317
2022-09-30,0.0317
2022-09-29,0.0314
2022-09-28,0.0303
2022-09-27,0.0324
2022-09-26,0.0309
2022-09-25,0.0309
2022-09-24,0.0309
2022-09-23,0.0301
2022-09-22,0.0305
2022-09-21,0.0299
2022-09-20,0.0306
2022-09-19,0.0308
2022-09-18,0.0308
2022-09-17,0.0308
2022-09-16,0.031
2022-09-15,0.031
2022-09-14,0.0314
2022-09-13,0.0319
2022-09-12,0.0318
2022-09-11,0.0318
2022-09-10,0.0318
2022-09-09,0.0317
2022-09-08,0.0322
2022-09-07,0.0315
2022-09-06,0.0318
2022-09-05,0.0318
2022-09-04,0.0318
2022-09-03,0.0318
2022-09-02,0.0308
2022-09-01,0.0313
2022-08-31,0.0306
2022-08-30,0.0301
2022-08-29,0.0305
2022-08-28,0.0305
2022-08-27,0.0305
2022-08-26,0.0301
2022-08-25,0.0302
2022-08-24,0.0309
2022-08-23,0.0304
2022-08-22,0.0302
2022-08-21,0.0302
2022-08-20,0.0302
2022-08-19,0.0296
2022-08-18,0.029
2022-08-17,0.0291
2022-08-16,0.0285
2022-08-15,0.0284
2022-08-14,0.0284
2022-08-13,0.0284
2022-08-12,0.0286
2022-08-11,0.029
2022-08-10,0.0278
2022-08-09,0.028
2022-08-08,0.0277
2022-08-07,0.0277
2022-08-06,0.0277
2022-08-05,0.0283
2022-08-04,0.0278
2022-08-03,0.0279
2022-08-02,0.0284
2022-08-01,0.0284
2022-07-31,0.0284
2022-07-30,0.0284
2022-07-29,0.0278
2022-07-28,0.0277
2022-07-27,0.0285
2022-07-26,0.0285
2022-07-25,0.0288
2022-07-24,0.0288
2022-07-23,0.0288
2022-07-22,0.0285
2022-07-21,0.0295
2022-07-20,0.0308
2022-07-19,0.0307
2022-07-18,0.0308
2022-07-17,0.0308
2022-07-16,0.0308
2022-07-15,0.0305
2022-07-14,0.031
2022-07-13,0.0309
2022-07-12,0.0314
2022-07-11,0.0318
2022-07-10,0.0318
2022-07-09,0.0318
2022-07-08,0.0322
2022-07-07,0.0318
2022-07-06,0.0314
2022-07-05,0.0307
2022-07-04,0.0314
2022-07-03,0.0314
2022-07-02,0.0314
2022-07-01,0.0314
2022-06-30,0.0319
2022-06-29,0.0324
2022-06-28,0.0332
2022-06-27,0.0338
2022-06-26,0.0338
2022-06-25,0.0338
2022-06-24,0.0333
2022-06-23,0.033
2022-06-22,0.0337
2022-06-21,0.0344
2022-06-20,0.0336
2022-06-19,0.0336
2022-06-18,0.0336
2022-06-17,0.0335
2022-06-16,0.0333
2022-06-15,0.0339
2022-06-14,0.0345
2022-06-13,0.0336
2022-06-12,0.0336
2022-06-11,0.0336
2022-06-10,0.0324
2022-06-09,0.0318
2022-06-08,0.0322
2022-06-07,0.0315
2022-06-06,0.0314
2022-06-05,0.0314
2022-06-04,0.0314
2022-06-03,0.03
2022-06-02,0.0295
2022-06-01,0.0293
2022-05-31,0.029
2022-05-30,0.0284
2022-05-29,0.0284
2022-05-28,0.0284
2022-05-27,0.0282
2022-05-26,0.0285
2022-05-25,0.028
2022-05-24,0.0283
2022-05-23,0.0283
2022-05-22,0.0283
2022-05-21,0.0283
2022-05-20,0.0285
2022-05-19,0.029
2022-05-18,0.0296
2022-05-17,0.0305
2022-05-16,0.0295
2022-05-15,0.0295
2022-05-14,0.0295
2022-05-13,0.0297
2022-05-12,0.0294
2022-05-11,0.0299
2022-05-10,0.0301
2022-05-09,0.0301
2022-05-08,0.0301
2022-05-07,0.0301
2022-05-06,0.0308
2022-05-05,0.03
2022-05-04,0.029
2022-05-03,0.0292
2022-05-02,0.0291
2022-05-01,0.0291
2022-04-30,0.0291
2022-04-29,0.0285
2022-04-28,0.0279
2022-04-27,0.0282
2022-04-26,0.0275
2022-04-25,0.0281
2022-04-24,0.0281
2022-04-23,0.0281
2022-04-22,0.0285
2022-04-21,0.0286
2022-04-20,0.028
2022-04-19,0.0281
2022-04-18,0.0277
2022-04-17,0.0277
2022-04-16,0.0277
2022-04-15,0.0277
2022-04-14,0.0274
2022-04-13,0.0264
2022-04-12,0.0264
2022-04-11,0.0269
2022-04-10,0.0269
2022-04-09,0.0269
2022-04-08,0.0262
2022-04-07,0.0256
2022-04-06,0.025
2022-04-05,0.0249
2022-04-04,0.0241
2022-04-03,0.0241
2022-04-02,0.0241
2022-04-01,0.0242
2022-03-31,0.0241
2022-03-30,0.0245
2022-03-29,0.025
2022-03-28,0.0252
2022-03-27,0.0252
2022-03-26,0.0252
2022-03-25,0.0258
2022-03-24,0.0248
2022-03-23,0.0244
2022-03-22,0.0258
2022-03-21,0.0248
2022-03-20,0.0248
2022-03-19,0.0248
2022-03-18,0.0238
2022-03-17,0.0241
2022-03-16,0.0239
2022-03-15,0.0247
2022-03-14,0.0242
2022-03-13,0.0242
2022-03-12,0.0242
2022-03-11,0.0228
2022-03-10,0.0224
2022-03-09,0.0219
2022-03-08,0.0212
2022-03-07,0.0202
2022-03-06,0.0202
2022-03-05,0.0202
2022-03-04,0.0196
2022-03-03,0.0203
2022-03-02,0.0206
2022-03-01,0.0199
2022-02-28,0.0213
2022-02-27,0.0213
2022-02-26,0.0213
2022-02-25,0.0218
2022-02-24,0.022
2022-02-23,0.0224
2022-02-22,0.0218
2022-02-21,0.0218
2022-02-20,0.0218
2022-02-19,0.0218
2022-02-18,0.0215
2022-02-17,0.0217
2022-02-16,0.0221
2022-02-15,0.0222
2022-02-14,0.0219
2022-02-13,0.0219
2022-02-12,0.0219
2022-02-11,0.0213
2022-02-10,0.022
2022-02-09,0.0213
2022-02-08,0.0213
2022-02-07,0.0209
2022-02-06,0.0209
2022-02-05,0.0209
2022-02-04,0.021
2022-02-03,0.0206
2022-02-02,0.0204
2022-02-01,0.0207
2022-01-31,0.0205
2022-01-30,0.0205
2022-01-29,0.0205
2022-01-28,0.02
2022-01-27,0.02
2022-01-26,0.0207
2022-01-25,0.0205
2022-01-24,0.0204
2022-01-23,0.0204
2022-01-22,0.0204
2022-01-21,0.0199
2022-01-20,0.0206
2022-01-19,0.0207
2022-01-18,0.021
2022-01-17,0.0203
2022-01-16,0.0203
2022-01-15,0.0203
2022-01-14,0.02
2022-01-13,0.0194
2022-01-12,0.0197
2022-01-11,0.0194
2022-01-10,0.0195
2022-01-09,0.0195
2022-01-08,0.0195
2022-01-07,0.0196
2022-01-06,0.0192
2022-01-05,0.0184
2022-01-04,0.0182
2022-01-03,0.0182
2022-01-02,0.0182
2022-01-01,0.0182
2021-12-31,0.0166
2021-12-30,0.017
2021-12-29,0.0175
2021-12-28,0.0175
2021-12-27,0.0175
2021-12-26,0.0175
2021-12-25,0.0175
2021-12-24,0.0175
2021-12-23,0.0173
2021-12-22,0.0171
2021-12-21,0.0174
2021-12-20,0.0171
2021-12-19,0.0171
2021-12-18,0.0171
2021-12-17,0.0164
2021-12-16,0.0167
2021-12-15,0.0172
2021-12-14,0.0176
2021-12-13,0.0172
2021-12-12,0.0172
2021-12-11,0.0172
2021-12-10,0.0178
2021-12-09,0.0179
2021-12-08,0.0182
2021-12-07,0.0181
2021-12-06,0.0177
2021-12-05,0.0177
2021-12-04,0.0177
2021-12-03,0.0172
2021-12-02,0.0177
2021-12-01,0.0177
2021-11-30,0.0186
2021-11-29,0.019
2021-11-28,0.019
2021-11-27,0.019
2021-11-26,0.0195
2021-11-25,0.0203
2021-11-24,0.0203
2021-11-23,0.021
2021-11-22,0.0205
2021-11-21,0.0205
2021-11-20,0.0205
2021-11-19,0.0196
2021-11-18,0.02
2021-11-17,0.02
2021-11-16,0.0206
2021-11-15,0.0202
2021-11-14,0.0202
2021-11-13,0.0202
2021-11-12,0.0197
2021-11-11,0.0197
2021-11-10,0.0196
2021-11-09,0.0189
2021-11-08,0.0192
2021-11-07,0.0192
2021-11-06,0.0192
2021-11-05,0.019
2021-11-04,0.0195
2021-11-03,0.02
2021-11-02,0.02
2021-11-01,0.02
2021-10-31,0.02
2021-10-30,0.02
2021-10-29,0.0198
2021-10-28,0.0191
2021-10-27,0.0188
2021-10-26,0.0195
2021-10-25,0.02
2021-10-24,0.02
2021-10-23,0.02
2021-10-22,0.0199
2021-10-21,0.0201
2021-10-20,0.0198
2021-10-19,0.0196
2021-10-18,0.0192
2021-10-17,0.0192
2021-10-16,0.0192
2021-10-15,0.0193
2021-10-14,0.0191
2021-10-13,0.0196
2021-10-12,0.02
2021-10-11,0.02
2021-10-10,0.02
2021-10-09,0.02
2021-10-08,0.0202
2021-10-07,0.0197
2021-10-06,0.0192
2021-10-05,0.0194
2021-10-04,0.019
2021-10-03,0.019
2021-10-02,0.019
2021-10-01,0.0189
2021-09-30,0.0189
2021-09-29,0.0192
2021-09-28,0.019
2021-09-27,0.0185
2021-09-26,0.0185
2021-09-25,0.0185
2021-09-24,0.0183
2021-09-23,0.0177
2021-09-22,0.0168
2021-09-21,0.017
2021-09-20,0.0169
2021-09-19,0.0169
2021-09-18,0.0169
2021-09-17,0.0174
2021-09-16,0.0169
2021-09-15,0.0169
2021-09-14,0.0165
2021-09-13,0.017
2021-09-12,0.017
2021-09-11,0.017
2021-09-10,0.0171
2021-09-09,0.0165
2021-09-08,0.0169
2021-09-07,0.0171
2021-09-06,0.0171
2021-09-05,0.0171
2021-09-04,0.0171
2021-09-03,0.0166
2021-09-02,0.0163
2021-09-01,0.0165
2021-08-31,0.0171
2021-08-30,0.0166
2021-08-29,0.0166
2021-08-28,0.0166
2021-08-27,0.0166
2021-08-26,0.0169
2021-08-25,0.0173
2021-08-24,0.0168
2021-08-23,0.0165
2021-08-22,0.0165
2021-08-21,0.0165
2021-08-20,0.0163
2021-08-19,0.0162
2021-08-18,0.0165
2021-08-17,0.0165
2021-08-16,0.0165
2021-08-15,0.0165
2021-08-14,0.0165
2021-08-13,0.0168
2021-08-12,0.0173
2021-08-11,0.0173
2021-08-10,0.0172
2021-08-09,0.0171
2021-08-08,0.0171
2021-08-07,0.0171
2021-08-06,0.0168
2021-08-05,0.0162
2021-08-04,0.0162
2021-08-03,0.0161
2021-08-02,0.0161
2021-08-01,0.0161
2021-07-31,0.0161
2021-07-30,0.0168
2021-07-29,0.0166
2021-07-28,0.0164
2021-07-27,0.0165
2021-07-26,0.017
2021-07-25,0.017
2021-07-24,0.017
2021-07-23,0.0169
2021-07-22,0.0168
2021-07-21,0.0171
2021-07-20,0.0166
2021-07-19,0.016
2021-07-18,0.016
2021-07-17,0.016
2021-07-16,0.0169
2021-07-15,0.017
2021-07-14,0.0173
2021-07-13,0.0177
2021-07-12,0.0175
2021-07-11,0.0175
2021-07-10,0.0175
2021-07-09,0.0174
2021-07-08,0.0167
2021-07-07,0.0169
2021-07-06,0.0172
2021-07-05,0.0177
2021-07-04,0.0177
2021-07-03,0.0177
2021-07-02,0.0177
2021-07-01,0.0177
2021-06-30,0.0177
2021-06-29,0.018
2021-06-28,0.018
2021-06-27,0.018
2021-06-26,0.018
2021-06-25,0.0183
2021-06-24,0.0177
2021-06-23,0.0179
2021-06-22,0.0179
2021-06-21,0.0179
2021-06-20,0.0179
2021-06-19,0.0179
2021-06-18,0.0174
2021-06-17,0.018
2021-06-16,0.0186
2021-06-15,0.0184
2021-06-14,0.0186
2021-06-13,0.0186
2021-06-12,0.0186
2021-06-11,0.0184
2021-06-10,0.0185
2021-06-09,0.0186
2021-06-08,0.0189
2021-06-07,0.0191
2021-06-06,0.0191
2021-06-05,0.0191
2021-06-04,0.019
2021-06-03,0.0196
2021-06-02,0.0194
2021-06-01,0.0191
2021-05-31,0.0192
2021-05-30,0.0192
2021-05-29,0.0192
2021-05-28,0.0194
2021-05-27,0.0193
2021-05-26,0.0191
2021-05-25,0.0193
2021-05-24,0.0193
2021-05-23,0.0193
2021-05-22,0.0193
2021-05-21,0.0201
2021-05-20,0.0201
2021-05-19,0.0204
2021-05-18,0.0204
2021-05-17,0.0205
2021-05-16,0.0205
2021-05-15,0.0205
2021-05-14,0.0204
2021-05-13,0.0203
2021-05-12,0.0205
2021-05-11,0.02
2021-05-10,0.0197
2021-05-09,0.0197
2021-05-08,0.0197
2021-05-07,0.0195
2021-05-06,0.0196
2021-05-05,0.0195
2021-05-04,0.0196
2021-05-03,0.0196
2021-05-02,0.0196
2021-05-01,0.0196
2021-04-30,0.0197
2021-04-29,0.0199
2021-04-28,0.0196
2021-04-27,0.0199
2021-04-26,0.0196
2021-04-25,0.0196
2021-04-24,0.0196
2021-04-23,0.0194
2021-04-22,0.0193
2021-04-21,0.0193
2021-04-20,0.0192
2021-04-19,0.0194
2021-04-18,0.0194
2021-04-17,0.0194
2021-04-16,0.019
2021-04-15,0.0181
2021-04-14,0.0188
2021-04-13,0.0186
2021-04-12,0.0186
2021-04-11,0.0186
2021-04-10,0.0186
2021-04-09,0.0185
2021-04-08,0.0183
2021-04-07,0.0186
2021-04-06,0.0184
2021-04-05,0.0191
2021-04-04,0.0191
2021-04-03,0.0191
2021-04-02,0.0191
2021-04-01,0.0188
2021-03-31,0.019
2021-03-30,0.0188
2021-03-29,0.0192
2021-03-28,0.0192
2021-03-27,0.0192
2021-03-26,0.0188
2021-03-25,0.0184
2021-03-24,0.0184
2021-03-23,0.0188
2021-03-22,0.0194
2021-03-21,0.0194
2021-03-20,0.0194
2021-03-19,0.0197
2021-03-18,0.02
2021-03-17,0.0199
2021-03-16,0.0194
2021-03-15,0.0191
2021-03-14,0.0191
2021-03-13,0.0191
2021-03-12,0.0194
2021-03-11,0.018
2021-03-10,0.0176
2021-03-09,0.0177
2021-03-08,0.0184
2021-03-07,0.0184
2021-03-06,0.0184
2021-03-05,0.018
2021-03-04,0.0182
2021-03-03,0.0174
2021-03-02,0.017
2021-03-01,0.0169
2021-02-28,0.0169
2021-02-27,0.0169
2021-02-26,0.0169
2021-02-25,0.0183
2021-02-24,0.0177
2021-02-23,0.0175
2021-02-22,0.0171
2021-02-21,0.0171
2021-02-20,0.0171
2021-02-19,0.0168
2021-02-18,0.0161
2021-02-17,0.0158
2021-02-16,0.016
2021-02-15,0.016
2021-02-14,0.016
2021-02-13,0.016
2021-02-12,0.0151
2021-02-11,0.0147
2021-02-10,0.0146
2021-02-09,0.0146
2021-02-08,0.0147
2021-02-07,0.0147
2021-02-06,0.0147
2021-02-05,0.0147
2021-02-04,0.0143
2021-02-03,0.014
2021-02-02,0.0137
2021-02-01,0.0135
2021-01-31,0.0135
2021-01-30,0.0135
2021-01-29,0.0135
2021-01-28,0.0135
2021-01-27,0.0132
2021-01-26,0.0133
2021-01-25,0.0132
2021-01-24,0.0132
2021-01-23,0.0132
2021-01-22,0.0134
2021-01-21,0.0136
2021-01-20,0.0133
2021-01-19,0.0131
2021-01-18,0.013
2021-01-17,0.013
2021-01-16,0.013
2021-01-15,0.013
2021-01-14,0.0135
2021-01-13,0.0131
2021-01-12,0.0134
2021-01-11,0.0132
2021-01-10,0.0132
2021-01-09,0.0132
2021-01-08,0.013
2021-01-07,0.0127
2021-01-06,0.0123
2021-01-05,0.0116
2021-01-04,0.0111
2021-01-03,0.0111
2021-01-02,0.0111
2021-01-01,0.0111
2020-12-31,0.011
2020-12-30,0.0113
2020-12-29,0.0114
2020-12-28,0.0114
2020-12-27,0.0114
2020-12-26,0.0114
2020-12-25,0.0114
2020-12-24,0.0115
2020-12-23,0.0117
2020-12-22,0.0114
2020-12-21,0.0117
2020-12-20,0.0117
2020-12-19,0.0117
2020-12-18,0.0117
2020-12-17,0.0118
2020-12-16,0.0118
2020-12-15,0.0118
2020-12-14,0.0116
2020-12-13,0.0116
2020-12-12,0.0116
2020-12-11,0.0115
2020-12-10,0.0116
2020-12-09,0.0118
2020-12-08,0.0118
2020-12-07,0.0119
2020-12-06,0.0119
2020-12-05,0.0119
2020-12-04,0.0122
2020-12-03,0.0115
2020-12-02,0.0117
2020-12-01,0.0108
2020-11-30,0.0102
2020-11-29,0.0102
2020-11-28,0.0102
2020-11-27,0.0102
2020-11-26,0.0105
2020-11-25,0.0106
2020-11-24,0.0107
2020-11-23,0.0104
2020-11-22,0.0104
2020-11-21,0.0104
2020-11-20,0.0101
2020-11-19,0.0105
2020-11-18,0.0108
2020-11-17,0.0108
2020-11-16,0.0112
2020-11-15,0.0112
2020-11-14,0.0112
2020-11-13,0.0112
2020-11-12,0.0111
2020-11-11,0.0111
2020-11-10,0.0117
2020-11-09,0.0116
2020-11-08,0.0116
2020-11-07,0.0116
2020-11-06,0.0106
2020-11-05,0.0103
2020-11-04,0.0103
2020-11-03,0.011
2020-11-02,0.0106
2020-11-01,0.0106
2020-10-31,0.0106
2020-10-30,0.0108
2020-10-29,0.0105
2020-10-28,0.0101
2020-10-27,0.0102
2020-10-26,0.0104
2020-10-25,0.0104
2020-10-24,0.0104
2020-10-23,0.0107
2020-10-22,0.0108
2020-10-21,0.0104
2020-10-20,0.0106
2020-10-19,0.0102
2020-10-18,0.0102
2020-10-17,0.0102
2020-10-16,0.01
2020-10-15,0.01
2020-10-14,0.0102
2020-10-13,0.0103
2020-10-12,0.0103
2020-10-11,0.0103
2020-10-10,0.0103
2020-10-09,0.0107
2020-10-08,0.0105
2020-10-07,0.0105
2020-10-06,0.0099
2020-10-05,0.0103
2020-10-04,0.0103
2020-10-03,0.0103
2020-10-02,0.0097
2020-10-01,0.0095
2020-09-30,0.0099
2020-09-29,0.0096
2020-09-28,0.0098
2020-09-27,0.0098
2020-09-26,0.0098
2020-09-25,0.0095
2020-09-24,0.0096
2020-09-23,0.0097
2020-09-22,0.0097
2020-09-21,0.0097
2020-09-20,0.0097
2020-09-19,0.0097
2020-09-18,0.0099
2020-09-17,0.0097
2020-09-16,0.0099
2020-09-15,0.0097
2020-09-14,0.0095
2020-09-13,0.0095
2020-09-12,0.0095
2020-09-11,0.0095
2020-09-10,0.0097
2020-09-09,0.0099
2020-09-08,0.0097
2020-09-07,0.0097
2020-09-06,0.0097
2020-09-05,0.0097
2020-09-04,0.0099
2020-09-03,0.0094
2020-09-02,0.0095
2020-09-01,0.0099
2020-08-31,0.0105
2020-08-30,0.0105
2020-08-29,0.0105
2020-08-28,0.0108
2020-08-27,0.0108
2020-08-26,0.0101
2020-08-25,0.0099
2020-08-24,0.0096
2020-08-23,0.0096
2020-08-22,0.0096
2020-08-21,0.0096
2020-08-20,0.0097
2020-08-19,0.0099
2020-08-18,0.0097
2020-08-17,0.0099
2020-08-16,0.0099
2020-08-15,0.0099
2020-08-14,0.0102
2020-08-13,0.0104
2020-08-12,0.0099
2020-08-11,0.0095
2020-08-10,0.0087
2020-08-09,0.0087
2020-08-08,0.0087
2020-08-07,0.0084
2020-08-06,0.0082
2020-08-05,0.0084
2020-08-04,0.0079
2020-08-03,0.0079
2020-08-02,0.0079
2020-08-01,0.0079
2020-07-31,0.0083
2020-07-30,0.0082
2020-07-29,0.0086
2020-07-28,0.0084
2020-07-27,0.0089
2020-07-26,0.0089
2020-07-25,0.0089
2020-07-24,0.0087
2020-07-23,0.0089
2020-07-22,0.0089
2020-07-21,0.0088
2020-07-20,0.0088
2020-07-19,0.0088
2020-07-18,0.0088
2020-07-17,0.009
2020-07-16,0.009
2020-07-15,0.0094
2020-07-14,0.0094
2020-07-13,0.0096
2020-07-12,0.0096
2020-07-11,0.0096
2020-07-10,0.0097
2020-07-09,0.0098
2020-07-08,0.01
2020-07-07,0.0091
2020-07-06,0.0094
2020-07-05,0.0094
2020-07-04,0.0094
2020-07-03,0.0093
2020-07-02,0.0094
2020-07-01,0.0094
2020-06-30,0.0091
2020-06-29,0.0091
2020-06-28,0.0091
2020-06-27,0.0091
2020-06-26,0.0091
2020-06-25,0.0093
2020-06-24,0.0095
2020-06-23,0.0093
2020-06-22,0.0092
2020-06-21,0.0092
2020-06-20,0.0092
2020-06-19,0.0093
2020-06-18,0.0092
2020-06-17,0.0095
2020-06-16,0.0098
2020-06-15,0.0093
2020-06-14,0.0093
2020-06-13,0.0093
2020-06-12,0.0097
2020-06-11,0.0097
2020-06-10,0.0103
2020-06-09,0.0111
2020-06-08,0.0116
2020-06-07,0.0116
2020-06-06,0.0116
2020-06-05,0.0121
2020-06-04,0.0116
2020-06-03,0.011
2020-06-02,0.0103
2020-06-01,0.0093
2020-05-31,0.0093
2020-05-30,0.0093
2020-05-29,0.0092
2020-05-28,0.0095
2020-05-27,0.0092
2020-05-26,0.0091
2020-05-25,0.0086
2020-05-24,0.0086
2020-05-23,0.0086
2020-05-22,0.0088
2020-05-21,0.0092
2020-05-20,0.0093
2020-05-19,0.0097
2020-05-18,0.0097
2020-05-17,0.0097
2020-05-16,0.0097
2020-05-15,0.009
2020-05-14,0.009
2020-05-13,0.0093
2020-05-12,0.0095
2020-05-11,0.0099
2020-05-10,0.0099
2020-05-09,0.0099
2020-05-08,0.0097
2020-05-07,0.0096
2020-05-06,0.01
2020-05-05,0.0095
2020-05-04,0.0096
2020-05-03,0.0096
2020-05-02,0.0096
2020-05-01,0.0092
2020-04-30,0.0096
2020-04-29,0.0099
2020-04-28,0.01
2020-04-27,0.0105
2020-04-26,0.0105
2020-04-25,0.0105
2020-04-24,0.0101
2020-04-23,0.0103
2020-04-22,0.0105
2020-04-21,0.0104
2020-04-20,0.0109
2020-04-19,0.0109
2020-04-18,0.0109
2020-04-17,0.0111
2020-04-16,0.0107
2020-04-15,0.0112
2020-04-14,0.0122
2020-04-13,0.0116
2020-04-12,0.0116
2020-04-11,0.0116
2020-04-10,0.0116
2020-04-09,0.0117
2020-04-08,0.0119
2020-04-07,0.0119
2020-04-06,0.0112
2020-04-05,0.0112
2020-04-04,0.0112
2020-04-03,0.0109
2020-04-02,0.011
2020-04-01,0.0108
2020-03-31,0.0118
2020-03-30,0.0119
2020-03-29,0.0119
2020-03-28,0.0119
2020-03-27,0.0115
2020-03-26,0.0123
2020-03-25,0.0125
2020-03-24,0.0121
2020-03-23,0.0115
2020-03-22,0.0115
2020-03-21,0.0115
2020-03-20,0.0118
2020-03-19,0.0133
2020-03-18,0.0137
2020-03-17,0.0128
2020-03-16,0.0114
2020-03-15,0.0114
2020-03-14,0.0114
2020-03-13,0.0119
2020-03-12,0.01
2020-03-11,0.0093
2020-03-10,0.0083
2020-03-09,0.0067
2020-03-08,0.0067
2020-03-07,0.0067
2020-03-06,0.0052
2020-03-05,0.0104
2020-03-04,0.012
2020-03-03,0.0116
2020-03-02,0.0129
2020-03-01,0.0129
2020-02-29,0.0129
2020-02-28,0.0126
2020-02-27,0.0128
2020-02-26,0.0132
2020-02-25,0.0129
2020-02-24,0.0129
2020-02-23,0.0129
2020-02-22,0.0129
2020-02-21,0.0136
2020-02-20,0.014
2020-02-19,0.0144
2020-02-18,0.0142
2020-02-17,0.0142
2020-02-16,0.0142
2020-02-15,0.0142
2020-02-14,0.0146
2020-02-13,0.0148
2020-02-12,0.0148
2020-02-11,0.0144
2020-02-10,0.0139
2020-02-09,0.0139
2020-02-08,0.0139
2020-02-07,0.0141
2020-02-06,0.0146
2020-02-05,0.0148
2020-02-04,0.0143
2020-02-03,0.0138
2020-02-02,0.0138
2020-02-01,0.0138
2020-01-31,0.0139
2020-01-30,0.0143
2020-01-29,0.0142
2020-01-28,0.0147
2020-01-27,0.0141
2020-01-26,0.0141
2020-01-25,0.0141
2020-01-24,0.0147
2020-01-23,0.0152
2020-01-22,0.0155
2020-01-21,0.016
2020-01-20,0.0166
2020-01-19,0.0166
2020-01-18,0.0166
2020-01-17,0.0166
2020-01-16,0.0166
2020-01-15,0.0164
2020-01-14,0.0168
2020-01-13,0.0169
2020-01-12,0.0169
2020-01-11,0.0169
2020-01-10,0.0168
2020-01-09,0.017
2020-01-08,0.0172
2020-01-07,0.0168
2020-01-06,0.0167
2020-01-05,0.0167
2020-01-04,0.0167
2020-01-03,0.0161
2020-01-02,0.017
2020-01-01,0.017
2019-12-31,0.0176
2019-12-30,0.0171
2019-12-29,0.0171
2019-12-28,0.0171
2019-12-27,0.0166
2019-12-26,0.0166
2019-12-25,0.0166
2019-12-24,0.0167
2019-12-23,0.0167
2019-12-22,0.0167
2019-12-21,0.0167
2019-12-20,0.0167
2019-12-19,0.0171
2019-12-18,0.0175
2019-12-17,0.0172
2019-12-16,0.0172
2019-12-15,0.0172
2019-12-14,0.0172
2019-12-13,0.0167
2019-12-12,0.0175
2019-12-11,0.0167
2019-12-10,0.0169
2019-12-09,0.017
2019-12-08,0.017
2019-12-07,0.017
2019-12-06,0.0167
2019-12-05,0.0168
2019-12-04,0.0162
2019-12-03,0.0154
2019-12-02,0.0161
2019-12-01,0.0161
2019-11-30,0.0161
2019-11-29,0.0155
2019-11-28,0.0156
2019-11-27,0.0157
2019-11-26,0.0154
2019-11-25,0.0157
2019-11-24,0.0157
2019-11-23,0.0157
2019-11-22,0.0157
2019-11-21,0.0158
2019-11-20,0.0153
2019-11-19,0.0156
2019-11-18,0.0161
2019-11-17,0.0161
2019-11-16,0.0161
2019-11-15,0.0161
2019-11-14,0.0161
2019-11-13,0.0168
2019-11-12,0.0172
2019-11-11,0.0172
2019-11-10,0.0172
2019-11-09,0.0172
2019-11-08,0.0172
2019-11-07,0.0173
2019-11-06,0.0167
2019-11-05,0.0173
2019-11-04,0.0167
2019-11-03,0.0167
2019-11-02,0.0167
2019-11-01,0.0159
2019-10-31,0.0156
2019-10-30,0.016
2019-10-29,0.0172
2019-10-28,0.0174
2019-10-27,0.0174
2019-10-26,0.0174
2019-10-25,0.0165
2019-10-24,0.0162
2019-10-23,0.0161
2019-10-22,0.0162
2019-10-21,0.0166
2019-10-20,0.0166
2019-10-19,0.0166
2019-10-18,0.0164
2019-10-17,0.0167
2019-10-16,0.0166
2019-10-15,0.0166
2019-10-14,0.0166
2019-10-13,0.0166
2019-10-12,0.0166
2019-10-11,0.0163
2019-10-10,0.0156
2019-10-09,0.0148
2019-10-08,0.0144
2019-10-07,0.0145
2019-10-06,0.0145
2019-10-05,0.0145
2019-10-04,0.0139
2019-10-03,0.0142
2019-10-02,0.0147
2019-10-01,0.015
2019-09-30,0.0151
2019-09-29,0.0151
2019-09-28,0.0151
2019-09-27,0.0152
2019-09-26,0.0152
2019-09-25,0.0154
2019-09-24,0.0146
2019-09-23,0.015
2019-09-22,0.015
2019-09-21,0.015
2019-09-20,0.0152
2019-09-19,0.0156
2019-09-18,0.0158
2019-09-17,0.0161
2019-09-16,0.0165
2019-09-15,0.0165
2019-09-14,0.0165
2019-09-13,0.0169
2019-09-12,0.0164
2019-09-11,0.0161
2019-09-10,0.016
2019-09-09,0.0153
2019-09-08,0.0153
2019-09-07,0.0153
2019-09-06,0.0148
2019-09-05,0.0149
2019-09-04,0.0137
2019-09-03,0.0136
2019-09-02,0.0136
2019-09-01,0.0136
2019-08-31,0.0136
2019-08-30,0.0139
2019-08-29,0.0137
2019-08-28,0.0134
2019-08-27,0.0135
2019-08-26,0.0143
2019-08-25,0.0143
2019-08-24,0.0143
2019-08-23,0.014
2019-08-22,0.0148
2019-08-21,0.0142
2019-08-20,0.0137
2019-08-19,0.0138
2019-08-18,0.0138
2019-08-17,0.0138
2019-08-16,0.0132
2019-08-15,0.0127
2019-08-14,0.0133
2019-08-13,0.0143
2019-08-12,0.0142
2019-08-11,0.0142
2019-08-10,0.0142
2019-08-09,0.0149
2019-08-08,0.0146
2019-08-07,0.0144
2019-08-06,0.0143
2019-08-05,0.0143
2019-08-04,0.0143
2019-08-03,0.0143
2019-08-02,0.0158
2019-08-01,0.016
2019-07-31,0.0167
2019-07-30,0.0171
2019-07-29,0.017
2019-07-28,0.017
2019-07-27,0.017
2019-07-26,0.0169
2019-07-25,0.0168
2019-07-24,0.0166
2019-07-23,0.017
2019-07-22,0.0169
2019-07-21,0.0169
2019-07-20,0.0169
2019-07-19,0.017
2019-07-18,0.0171
2019-07-17,0.0171
2019-07-16,0.0177
2019-07-15,0.0176
2019-07-14,0.0176
2019-07-13,0.0176
2019-07-12,0.0177
2019-07-11,0.0178
2019-07-10,0.0173
2019-07-09,0.0171
2019-07-08,0.0172
2019-07-07,0.0172
2019-07-06,0.0172
2019-07-05,0.0172
2019-07-04,0.0164
2019-07-03,0.0163
2019-07-02,0.0166
2019-07-01,0.0166
2019-06-30,0.0166
2019-06-29,0.0166
2019-06-28,0.0166
2019-06-27,0.0168
2019-06-26,0.017
2019-06-25,0.0166
2019-06-24,0.0168
2019-06-23,0.0168
2019-06-22,0.0168
2019-06-21,0.017
2019-06-20,0.0167
2019-06-19,0.0165
2019-06-18,0.0164
2019-06-17,0.0166
2019-06-16,0.0166
2019-06-15,0.0166
2019-06-14,0.0167
2019-06-13,0.0169
2019-06-12,0.0172
2019-06-11,0.0175
2019-06-10,0.0173
2019-06-09,0.0173
2019-06-08,0.0173
2019-06-07,0.0169
2019-06-06,0.0171
2019-06-05,0.017
2019-06-04,0.0171
2019-06-03,0.0167
2019-06-02,0.0167
2019-06-01,0.0167
2019-05-31,0.0168
2019-05-30,0.0174
2019-05-29,0.0175
2019-05-28,0.0175
2019-05-27,0.0177
2019-05-26,0.0177
2019-05-25,0.0177
2019-05-24,0.018
2019-05-23,0.0182
2019-05-22,0.0189
2019-05-21,0.0191
2019-05-20,0.0191
2019-05-19,0.0191
2019-05-18,0.0191
2019-05-17,0.0185
2019-05-16,0.0185
2019-05-15,0.0183
2019-05-14,0.0186
2019-05-13,0.0183
2019-05-12,0.0183
2019-05-11,0.0183
2019-05-10,0.0189
2019-05-09,0.0186
2019-05-08,0.0188
2019-05-07,0.0187
2019-05-06,0.0191
2019-05-05,0.0191
2019-05-04,0.0191
2019-05-03,0.0194
2019-05-02,0.0194
2019-05-01,0.0189
2019-04-30,0.0191
2019-04-29,0.0192
2019-04-28,0.0192
2019-04-27,0.0192
2019-04-26,0.0189
2019-04-25,0.0191
2019-04-24,0.019
2019-04-23,0.0196
2019-04-22,0.0199
2019-04-21,0.0199
2019-04-20,0.0199
2019-04-19,0.0199
2019-04-18,0.0197
2019-04-17,0.0201
2019-04-16,0.02
2019-04-15,0.0197
2019-04-14,0.0197
2019-04-13,0.0197
2019-04-12,0.0199
2019-04-11,0.0193
2019-04-10,0.019
2019-04-09,0.0193
2019-04-08,0.0193
2019-04-07,0.0193
2019-04-06,0.0193
2019-04-05,0.019
2019-04-04,0.019
2019-04-03,0.0191
2019-04-02,0.0188
2019-04-01,0.019
2019-03-31,0.019
2019-03-30,0.019
2019-03-29,0.0183
2019-03-28,0.0177
2019-03-27,0.0176
2019-03-26,0.0178
2019-03-25,0.0177
2019-03-24,0.0177
2019-03-23,0.0177
2019-03-22,0.0181
2019-03-21,0.0189
2019-03-20,0.019
2019-03-19,0.0193
2019-03-18,0.0193
2019-03-17,0.0193
2019-03-16,0.0193
2019-03-15,0.0194
2019-03-14,0.0197
2019-03-13,0.0196
2019-03-12,0.0194
2019-03-11,0.0197
2019-03-10,0.0197
2019-03-09,0.0197
2019-03-08,0.0198
2019-03-07,0.0198
2019-03-06,0.0203
2019-03-05,0.0208
2019-03-04,0.0209
2019-03-03,0.0209
2019-03-02,0.0209
2019-03-01,0.0213
2019-02-28,0.0212
2019-02-27,0.021
2019-02-26,0.0205
2019-02-25,0.0208
2019-02-24,0.0208
2019-02-23,0.0208
2019-02-22,0.0208
2019-02-21,0.021
2019-02-20,0.0208
2019-02-19,0.0208
2019-02-18,0.0208
2019-02-17,0.0208
2019-02-16,0.0208
2019-02-15,0.0209
2019-02-14,0.0208
2019-02-13,0.0212
2019-02-12,0.021
2019-02-11,0.0209
2019-02-10,0.0209
2019-02-09,0.0209
2019-02-08,0.0208
2019-02-07,0.0207
2019-02-06,0.0211
2019-02-05,0.0212
2019-02-04,0.0214
2019-02-03,0.0214
2019-02-02,0.0214
2019-02-01,0.0213
2019-01-31,0.0207
2019-01-30,0.0211
2019-01-29,0.0211
2019-01-28,0.0213
2019-01-27,0.0213
2019-01-26,0.0213
2019-01-25,0.0214
2019-01-24,0.0211
2019-01-23,0.0215
2019-01-22,0.0214
2019-01-21,0.0219
2019-01-20,0.0219
2019-01-19,0.0219
2019-01-18,0.0221
2019-01-17,0.0217
2019-01-16,0.0217
2019-01-15,0.0215
2019-01-14,0.0213
2019-01-13,0.0213
2019-01-12,0.0213
2019-01-11,0.0212
2019-01-10,0.0214
2019-01-09,0.0214
2019-01-08,0.0212
2019-01-07,0.0211
2019-01-06,0.0211
2019-01-05,0.0211
2019-01-04,0.0208
2019-01-03,0.0201
2019-01-02,0.0208
2019-01-01,0.0208
2018-12-31,0.0213
2018-12-30,0.0213
2018-12-29,0.0213
2018-12-28,0.0211
2018-12-27,0.0213
2018-12-26,0.0213
2018-12-25,0.0213
2018-12-24,0.0212
2018-12-23,0.0212
2018-12-22,0.0212
2018-12-21,0.0215
2018-12-20,0.0212
2018-12-19,0.021
2018-12-18,0.0215
2018-12-17,0.0219
2018-12-16,0.0219
2018-12-15,0.0219
2018-12-14,0.0224
2018-12-13,0.0229
2018-12-12,0.0224
2018-12-11,0.0219
2018-12-10,0.0218
2018-12-09,0.0218
2018-12-08,0.0218
2018-12-07,0.022
2018-12-06,0.022
2018-12-05,0.0222
2018-12-04,0.0225
2018-12-03,0.0233
2018-12-02,0.0233
2018-12-01,0.0233
2018-11-30,0.0237
2018-11-29,0.0239
2018-11-28,0.0239
2018-11-27,0.0238
2018-11-26,0.024
2018-11-25,0.024
2018-11-24,0.024
2018-11-23,0.0239
2018-11-22,0.0241
2018-11-21,0.0241
2018-11-20,0.024
2018-11-19,0.0241
2018-11-18,0.0241
2018-11-17,0.0241
2018-11-16,0.0241
2018-11-15,0.0243
2018-11-14,0.0246
2018-11-13,0.0249
2018-11-12,0.0249
2018-11-11,0.0249
2018-11-10,0.0249
2018-11-09,0.0253
2018-11-08,0.0256
2018-11-07,0.0255
2018-11-06,0.0256
2018-11-05,0.0255
2018-11-04,0.0255
2018-11-03,0.0255
2018-11-02,0.0257
2018-11-01,0.0252
2018-10-31,0.0252
2018-10-30,0.0248
2018-10-29,0.0243
2018-10-28,0.0243
2018-10-27,0.0243
2018-10-26,0.0243
2018-10-25,0.0248
2018-10-24,0.0247
2018-10-23,0.0249
2018-10-22,0.0252
2018-10-21,0.0252
2018-10-20,0.0252
2018-10-19,0.0253
2018-10-18,0.0252
2018-10-17,0.0253
2018-10-16,0.0252
2018-10-15,0.0253
2018-10-14,0.0253
2018-10-13,0.0253
2018-10-12,0.0251
2018-10-11,0.0251
2018-10-10,0.0257
2018-10-09,0.0257
2018-10-08,0.0257
2018-10-07,0.0257
2018-10-06,0.0257
2018-10-05,0.026
2018-10-04,0.0256
2018-10-03,0.0253
2018-10-02,0.0247
2018-10-01,0.025
2018-09-30,0.025
2018-09-29,0.025
2018-09-28,0.0243
2018-09-27,0.0243
2018-09-26,0.0243
2018-09-25,0.0248
2018-09-24,0.0246
2018-09-23,0.0246
2018-09-22,0.0246
2018-09-21,0.0245
2018-09-20,0.0244
2018-09-19,0.0243
2018-09-18,0.024
2018-09-17,0.0236
2018-09-16,0.0236
2018-09-15,0.0236
2018-09-14,0.0236
2018-09-13,0.0235
2018-09-12,0.0235
2018-09-11,0.0235
2018-09-10,0.0231
2018-09-09,0.0231
2018-09-08,0.0231
2018-09-07,0.0231
2018-09-06,0.0226
2018-09-05,0.0227
2018-09-04,0.0226
2018-09-03,0.0226
2018-09-02,0.0226
2018-09-01,0.0226
2018-08-31,0.0225
2018-08-30,0.023
2018-08-29,0.0233
2018-08-28,0.0233
2018-08-27,0.0231
2018-08-26,0.0231
2018-08-25,0.0231
2018-08-24,0.0227
2018-08-23,0.0227
2018-08-22,0.0227
2018-08-21,0.0228
2018-08-20,0.0227
2018-08-19,0.0227
2018-08-18,0.0227
2018-08-17,0.0229
2018-08-16,0.0228
2018-08-15,0.0229
2018-08-14,0.0235
2018-08-13,0.0233
2018-08-12,0.0233
2018-08-11,0.0233
2018-08-10,0.0232
2018-08-09,0.0236
2018-08-08,0.0238
2018-08-07,0.024
2018-08-06,0.024
2018-08-05,0.024
2018-08-04,0.024
2018-08-03,0.0238
2018-08-02,0.0239
2018-08-01,0.0239
2018-07-31,0.0235
2018-07-30,0.0234
2018-07-29,0.0234
2018-07-28,0.0234
2018-07-27,0.0234
2018-07-26,0.0233
2018-07-25,0.0231
2018-07-24,0.0227
2018-07-23,0.0228
2018-07-22,0.0228
2018-07-21,0.0228
2018-07-20,0.0223
2018-07-19,0.0217
2018-07-18,0.022
2018-07-17,0.0217
2018-07-16,0.0219
2018-07-15,0.0219
2018-07-14,0.0219
2018-07-13,0.0219
2018-07-12,0.022
2018-07-11,0.0219
2018-07-10,0.022
2018-07-09,0.0221
2018-07-08,0.0221
2018-07-07,0.0221
2018-07-06,0.0216
2018-07-05,0.0219
2018-07-04,0.022
2018-07-03,0.0219
2018-07-02,0.0219
2018-07-01,0.0219
2018-06-30,0.0219
2018-06-29,0.022
2018-06-28,0.0219
2018-06-27,0.0215
2018-06-26,0.0217
2018-06-25,0.0217
2018-06-24,0.0217
2018-06-23,0.0217
2018-06-22,0.022
2018-06-21,0.022
2018-06-20,0.0223
2018-06-19,0.022
2018-06-18,0.0224
2018-06-17,0.0224
2018-06-16,0.0224
2018-06-15,0.0225
2018-06-14,0.023
2018-06-13,0.0234
2018-06-12,0.0233
2018-06-11,0.0235
2018-06-10,0.0235
2018-06-09,0.0235
2018-06-08,0.0236
2018-06-07,0.0233
2018-06-06,0.0235
2018-06-05,0.0229
2018-06-04,0.0231
2018-06-03,0.0231
2018-06-02,0.0231
2018-06-01,0.0227
2018-05-31,0.0226
2018-05-30,0.0228
2018-05-29,0.0224
2018-05-28,0.0234
2018-05-27,0.0234
2018-05-26,0.0234
2018-05-25,0.0238
2018-05-24,0.0243
2018-05-23,0.0247
2018-05-22,0.0251
2018-05-21,0.0251
2018-05-20,0.0251
2018-05-19,0.0251
2018-05-18,0.025
2018-05-17,0.0254
2018-05-16,0.0252
2018-05-15,0.0252
2018-05-14,0.0245
2018-05-13,0.0245
2018-05-12,0.0245
2018-05-11,0.0241
2018-05-10,0.0243
2018-05-09,0.0243
2018-05-08,0.024
2018-05-07,0.0239
2018-05-06,0.0239
2018-05-05,0.0239
2018-05-04,0.0239
2018-05-03,0.0238
2018-05-02,0.0242
2018-05-01,0.024
2018-04-30,0.0237
2018-04-29,0.0237
2018-04-28,0.0237
2018-04-27,0.0238
2018-04-26,0.0242
2018-04-25,0.0245
2018-04-24,0.0242
2018-04-23,0.0242
2018-04-22,0.0242
2018-04-21,0.0242
2018-04-20,0.0242
2018-04-19,0.024
2018-04-18,0.0236
2018-04-17,0.0232
2018-04-16,0.0235
2018-04-15,0.0235
2018-04-14,0.0235
2018-04-13,0.0232
2018-04-12,0.0236
2018-04-11,0.023
2018-04-10,0.0229
2018-04-09,0.0226
2018-04-08,0.0226
2018-04-07,0.0226
2018-04-06,0.0227
2018-04-05,0.0231
2018-04-04,0.0229
2018-04-03,0.0226
2018-04-02,0.0222
2018-04-01,0.0222
2018-03-31,0.0222
2018-03-30,0.0222
2018-03-29,0.022
2018-03-28,0.0222
2018-03-27,0.0225
2018-03-26,0.0233
2018-03-25,0.0233
2018-03-24,0.0233
2018-03-23,0.0229
2018-03-22,0.0227
2018-03-21,0.0235
2018-03-20,0.0231
2018-03-19,0.0228
2018-03-18,0.0228
2018-03-17,0.0228
2018-03-16,0.0226
2018-03-15,0.0226
2018-03-14,0.0229
2018-03-13,0.0235
2018-03-12,0.0238
2018-03-11,0.0238
2018-03-10,0.0238
2018-03-09,0.0241
2018-03-08,0.0237
2018-03-07,0.0237
2018-03-06,0.0236
2018-03-05,0.0233
2018-03-04,0.0233
2018-03-03,0.0233
2018-03-02,0.0233
2018-03-01,0.023
2018-02-28,0.0235
2018-02-27,0.024
2018-02-26,0.0238
2018-02-25,0.0238
2018-02-24,0.0238
2018-02-23,0.0238
2018-02-22,0.0243
2018-02-21,0.0246
2018-02-20,0.0245
2018-02-19,0.0245
2018-02-18,0.0245
2018-02-17,0.0245
2018-02-16,0.0244
2018-02-15,0.0248
2018-02-14,0.0249
2018-02-13,0.0245
2018-02-12,0.0246
2018-02-11,0.0246
2018-02-10,0.0246
2018-02-09,0.0248
2018-02-08,0.0247
2018-02-07,0.0246
2018-02-06,0.0244
2018-02-05,0.0241
2018-02-04,0.0241
2018-02-03,0.0241
2018-02-02,0.0243
2018-02-01,0.0242
2018-01-31,0.0235
2018-01-30,0.0236
2018-01-29,0.0233
2018-01-28,0.0233
2018-01-27,0.0233
2018-01-26,0.0232
2018-01-25,0.0232
2018-01-24,0.0235
2018-01-23,0.0233
2018-01-22,0.0234
2018-01-21,0.0234
2018-01-20,0.0234
2018-01-19,0.0234
2018-01-18,0.0232
2018-01-17,0.0231
2018-01-16,0.0231
2018-01-15,0.0233
2018-01-14,0.0233
2018-01-13,0.0233
2018-01-12,0.0233
2018-01-11,0.0233
2018-01-10,0.0233
2018-01-09,0.0236
2018-01-08,0.0232
2018-01-07,0.0232
2018-01-06,0.0232
2018-01-05,0.0231
2018-01-04,0.0227
2018-01-03,0.0224
2018-01-02,0.0227
2018-01-01,0.0227
2017-12-31,0.0227
2017-12-30,0.0227
2017-12-29,0.0222
2017-12-28,0.0219
2017-12-27,0.0215
2017-12-26,0.0215
2017-12-25,0.0215
2017-12-24,0.0215
2017-12-23,0.0215
2017-12-22,0.022
2017-12-21,0.022
2017-12-20,0.0219
2017-12-19,0.0214
2017-12-18,0.0208
2017-12-17,0.0208
2017-12-16,0.0208
2017-12-15,0.0205
2017-12-14,0.0209
2017-12-13,0.0209
2017-12-12,0.021
2017-12-11,0.021
2017-12-10,0.021
2017-12-09,0.021
2017-12-08,0.021
2017-12-07,0.021
2017-12-06,0.0209
2017-12-05,0.0213
2017-12-04,0.0216
2017-12-03,0.0216
2017-12-02,0.0216
2017-12-01,0.0214
2017-11-30,0.0216
2017-11-29,0.0216
2017-11-28,0.0213
2017-11-27,0.0215
2017-11-26,0.0215
2017-11-25,0.0215
2017-11-24,0.0216
2017-11-23,0.0216
2017-11-22,0.0218
2017-11-21,0.0219
2017-11-20,0.0223
2017-11-19,0.0223
2017-11-18,0.0223
2017-11-17,0.022
2017-11-16,0.0222
2017-11-15,0.0217
2017-11-14,0.0221
2017-11-13,0.0221
2017-11-12,0.0221
2017-11-11,0.0221
2017-11-10,0.0223
2017-11-09,0.022
2017-11-08,0.0217
2017-11-07,0.0215
2017-11-06,0.0218
2017-11-05,0.0218
2017-11-04,0.0218
2017-11-03,0.022
2017-11-02,0.0222
2017-11-01,0.0223
2017-10-31,0.0223
2017-10-30,0.0224
2017-10-29,0.0224
2017-10-28,0.0224
2017-10-27,0.0227
2017-10-26,0.0232
2017-10-25,0.0232
2017-10-24,0.0233
2017-10-23,0.0231
2017-10-22,0.0231
2017-10-21,0.0231
2017-10-20,0.0231
2017-10-19,0.0229
2017-10-18,0.0231
2017-10-17,0.023
2017-10-16,0.0231
2017-10-15,0.0231
2017-10-14,0.0231
2017-10-13,0.0233
2017-10-12,0.0237
2017-10-11,0.0239
2017-10-10,0.0241
2017-10-09,0.0241
2017-10-08,0.0241
2017-10-07,0.0241
2017-10-06,0.0243
2017-10-05,0.0241
2017-10-04,0.0242
2017-10-03,0.0243
2017-10-02,0.0243
2017-10-01,0.0243
2017-09-30,0.0243
2017-09-29,0.024
2017-09-28,0.0243
2017-09-27,0.0242
2017-09-26,0.0239
2017-09-25,0.0237
2017-09-24,0.0237
2017-09-23,0.0237
2017-09-22,0.0239
2017-09-21,0.024
2017-09-20,0.0239
2017-09-19,0.0238
2017-09-18,0.0237
2017-09-17,0.0237
2017-09-16,0.0237
2017-09-15,0.0237
2017-09-14,0.0236
2017-09-13,0.0236
2017-09-12,0.0234
2017-09-11,0.0231
2017-09-10,0.0231
2017-09-09,0.0231
2017-09-08,0.0228
2017-09-07,0.0226
2017-09-06,0.0226
2017-09-05,0.022
2017-09-04,0.022
2017-09-03,0.022
2017-09-02,0.022
2017-09-01,0.0223
2017-08-31,0.0219
2017-08-30,0.0219
2017-08-29,0.0219
2017-08-28,0.0222
2017-08-27,0.0222
2017-08-26,0.0222
2017-08-25,0.0222
2017-08-24,0.0223
2017-08-23,0.0222
2017-08-22,0.0224
2017-08-21,0.0222
2017-08-20,0.0222
2017-08-19,0.0222
2017-08-18,0.0221
2017-08-17,0.0221
2017-08-16,0.0223
2017-08-15,0.0226
2017-08-14,0.0224
2017-08-13,0.0224
2017-08-12,0.0224
2017-08-11,0.0221
2017-08-10,0.0221
2017-08-09,0.0226
2017-08-08,0.0229
2017-08-07,0.0229
2017-08-06,0.0229
2017-08-05,0.0229
2017-08-04,0.0227
2017-08-03,0.0225
2017-08-02,0.0229
2017-08-01,0.0231
2017-07-31,0.024
2017-07-30,0.024
2017-07-29,0.024
2017-07-28,0.0238
2017-07-27,0.0234
2017-07-26,0.0229
2017-07-25,0.0231
2017-07-24,0.0222
2017-07-23,0.0222
2017-07-22,0.0222
2017-07-21,0.022
2017-07-20,0.022
2017-07-19,0.022
2017-07-18,0.0218
2017-07-17,0.022
2017-07-16,0.022
2017-07-15,0.022
2017-07-14,0.0219
2017-07-13,0.0221
2017-07-12,0.0218
2017-07-11,0.0219
2017-07-10,0.022
2017-07-09,0.022
2017-07-08,0.022
2017-07-07,0.022
2017-07-06,0.0215
2017-07-05,0.0211
2017-07-04,0.0213
2017-07-03,0.0213
2017-07-02,0.0213
2017-07-01,0.0213
2017-06-30,0.0207
2017-06-29,0.0205
2017-06-28,0.0199
2017-06-27,0.0196
2017-06-26,0.0188
2017-06-25,0.0188
2017-06-24,0.0188
2017-06-23,0.019
2017-06-22,0.0191
2017-06-21,0.0192
2017-06-20,0.0193
2017-06-19,0.0196
2017-06-18,0.0196
2017-06-17,0.0196
2017-06-16,0.0196
2017-06-15,0.0197
2017-06-14,0.0196
2017-06-13,0.0202
2017-06-12,0.0198
2017-06-11,0.0198
2017-06-10,0.0198
2017-06-09,0.0194
2017-06-08,0.0194
2017-06-07,0.0192
2017-06-06,0.0191
2017-06-05,0.0193
2017-06-04,0.0193
2017-06-03,0.0193
2017-06-02,0.0191
2017-06-01,0.0187
2017-05-31,0.0187
2017-05-30,0.0188
2017-05-29,0.0186
2017-05-28,0.0186
2017-05-27,0.0186
2017-05-26,0.0189
2017-05-25,0.0191
2017-05-24,0.0194
2017-05-23,0.0195
2017-05-22,0.0195
2017-05-21,0.0195
2017-05-20,0.0195
2017-05-19,0.0192
2017-05-18,0.019
2017-05-17,0.0192
2017-05-16,0.0204
2017-05-15,0.0205
2017-05-14,0.0205
2017-05-13,0.0205
2017-05-12,0.0204
2017-05-11,0.0206
2017-05-10,0.0208
2017-05-09,0.0205
2017-05-08,0.0201
2017-05-07,0.0201
2017-05-06,0.0201
2017-05-05,0.0198
2017-05-04,0.0197
2017-05-03,0.0197
2017-05-02,0.0196
2017-05-01,0.0201
2017-04-30,0.0201
2017-04-29,0.0201
2017-04-28,0.0199
2017-04-27,0.0202
2017-04-26,0.0201
2017-04-25,0.0204
2017-04-24,0.0201
2017-04-23,0.0201
2017-04-22,0.0201
2017-04-21,0.0199
2017-04-20,0.0201
2017-04-19,0.0199
2017-04-18,0.0197
2017-04-17,0.0204
2017-04-16,0.0204
2017-04-15,0.0204
2017-04-14,0.0204
2017-04-13,0.0202
2017-04-12,0.0205
2017-04-11,0.0208
2017-04-10,0.0212
2017-04-09,0.0212
2017-04-08,0.0212
2017-04-07,0.0212
2017-04-06,0.0209
2017-04-05,0.021
2017-04-04,0.0212
2017-04-03,0.0212
2017-04-02,0.0212
2017-04-01,0.0212
2017-03-31,0.0217
2017-03-30,0.0218
2017-03-29,0.0214
2017-03-28,0.0217
2017-03-27,0.0214
2017-03-26,0.0214
2017-03-25,0.0214
2017-03-24,0.0216
2017-03-23,0.022
2017-03-22,0.0221
2017-03-21,0.0224
2017-03-20,0.0226
2017-03-19,0.0226
2017-03-18,0.0226
2017-03-17,0.0228
2017-03-16,0.0232
2017-03-15,0.0229
2017-03-14,0.0236
2017-03-13,0.0239
2017-03-12,0.0239
2017-03-11,0.0239
2017-03-10,0.0235
2017-03-09,0.0235
2017-03-08,0.0232
2017-03-07,0.0229
2017-03-06,0.0228
2017-03-05,0.0228
2017-03-04,0.0228
2017-03-03,0.0228
2017-03-02,0.0228
2017-03-01,0.0227
2017-02-28,0.0221
2017-02-27,0.0223
2017-02-26,0.0223
2017-02-25,0.0223
2017-02-24,0.0219
2017-02-23,0.0226
2017-02-22,0.0229
2017-02-21,0.0229
2017-02-20,0.0229
2017-02-19,0.0229
2017-02-18,0.0229
2017-02-17,0.0228
2017-02-16,0.0231
2017-02-15,0.0234
2017-02-14,0.0232
2017-02-13,0.0228
2017-02-12,0.0228
2017-02-11,0.0228
2017-02-10,0.0225
2017-02-09,0.0223
2017-02-08,0.0217
2017-02-07,0.0224
2017-02-06,0.0226
2017-02-05,0.0226
2017-02-04,0.0226
2017-02-03,0.0231
2017-02-02,0.0229
2017-02-01,0.023
2017-01-31,0.0229
2017-01-30,0.0232
2017-01-29,0.0232
2017-01-28,0.0232
2017-01-27,0.0231
2017-01-26,0.0234
2017-01-25,0.0234
2017-01-24,0.0228
2017-01-23,0.0221
2017-01-22,0.0221
2017-01-21,0.0221
2017-01-20,0.0227
2017-01-19,0.0226
2017-01-18,0.0221
2017-01-17,0.0218
2017-01-16,0.0219
2017-01-15,0.0219
2017-01-14,0.0219
2017-01-13,0.0221
2017-01-12,0.0216
2017-01-11,0.0218
2017-01-10,0.0219
2017-01-09,0.0219
2017-01-08,0.0219
2017-01-07,0.0219
2017-01-06,0.0222
2017-01-05,0.0217
2017-01-04,0.022
2017-01-03,0.0224
2017-01-02,0.0224
2017-01-01,0.0224
2016-12-31,0.0224
2016-12-30,0.0221
2016-12-29,0.0223
2016-12-28,0.0224
2016-12-27,0.0224
2016-12-26,0.0224
2016-12-25,0.0224
2016-12-24,0.0224
2016-12-23,0.0229
2016-12-22,0.0231
2016-12-21,0.023
2016-12-20,0.0231
2016-12-19,0.0229
2016-12-18,0.0229
2016-12-17,0.0229
2016-12-16,0.0233
2016-12-15,0.0232
2016-12-14,0.0228
2016-12-13,0.0227
2016-12-12,0.0227
2016-12-11,0.0227
2016-12-10,0.0227
2016-12-09,0.0223
2016-12-08,0.0216
2016-12-07,0.021
2016-12-06,0.0213
2016-12-05,0.0212
2016-12-04,0.0212
2016-12-03,0.0212
2016-12-02,0.0213
2016-12-01,0.0215
2016-11-30,0.0206
2016-11-29,0.02
2016-11-28,0.0201
2016-11-27,0.0201
2016-11-26,0.0201
2016-11-25,0.0205
2016-11-24,0.0207
2016-11-23,0.0205
2016-11-22,0.0205
2016-11-21,0.0207
2016-11-20,0.0207
2016-11-19,0.0207
2016-11-18,0.0208
2016-11-17,0.0204
2016-11-16,0.02
2016-11-15,0.0204
2016-11-14,0.0205
2016-11-13,0.0205
2016-11-12,0.0205
2016-11-11,0.0205
2016-11-10,0.0194
2016-11-09,0.0189
2016-11-08,0.0178
2016-11-07,0.0173
2016-11-06,0.0173
2016-11-05,0.0173
2016-11-04,0.0168
2016-11-03,0.0171
2016-11-02,0.0169
2016-11-01,0.0172
2016-10-31,0.0171
2016-10-30,0.0171
2016-10-29,0.0171
2016-10-28,0.0175
2016-10-27,0.0175
2016-10-26,0.0168
2016-10-25,0.0169
2016-10-24,0.017
2016-10-23,0.017
2016-10-22,0.017
2016-10-21,0.0168
2016-10-20,0.0172
2016-10-19,0.0172
2016-10-18,0.0172
2016-10-17,0.0173
2016-10-16,0.0173
2016-10-15,0.0173
2016-10-14,0.0176
2016-10-13,0.0169
2016-10-12,0.0173
2016-10-11,0.0172
2016-10-10,0.0172
2016-10-09,0.0172
2016-10-08,0.0172
2016-10-07,0.017
2016-10-06,0.0168
2016-10-05,0.0165
2016-10-04,0.0161
2016-10-03,0.0155
2016-10-02,0.0155
2016-10-01,0.0155
2016-09-30,0.0155
2016-09-29,0.015
2016-09-28,0.0152
2016-09-27,0.0151
2016-09-26,0.0153
2016-09-25,0.0153
2016-09-24,0.0153
2016-09-23,0.0158
2016-09-22,0.0162
2016-09-21,0.0167
2016-09-20,0.0168
2016-09-19,0.0171
2016-09-18,0.0171
2016-09-17,0.0171
2016-09-16,0.0172
2016-09-15,0.0173
2016-09-14,0.0172
2016-09-13,0.0175
2016-09-12,0.0168
2016-09-11,0.0168
2016-09-10,0.0168
2016-09-09,0.0167
2016-09-08,0.016
2016-09-07,0.0151
2016-09-06,0.0153
2016-09-05,0.0153
2016-09-04,0.0153
2016-09-03,0.0153
2016-09-02,0.0156
2016-09-01,0.0152
2016-08-31,0.0153
2016-08-30,0.0153
2016-08-29,0.0153
2016-08-28,0.0153
2016-08-27,0.0153
2016-08-26,0.0159
2016-08-25,0.0157
2016-08-24,0.0154
2016-08-23,0.0154
2016-08-22,0.0154
2016-08-21,0.0154
2016-08-20,0.0154
2016-08-19,0.0159
2016-08-18,0.0156
2016-08-17,0.0157
2016-08-16,0.0157
2016-08-15,0.0155
2016-08-14,0.0155
2016-08-13,0.0155
2016-08-12,0.0152
2016-08-11,0.0155
2016-08-10,0.0151
2016-08-09,0.0152
2016-08-08,0.0158
2016-08-07,0.0158
2016-08-06,0.0158
2016-08-05,0.0158
2016-08-04,0.0155
2016-08-03,0.0158
2016-08-02,0.0157
2016-08-01,0.0157
2016-07-31,0.0157
2016-07-30,0.0157
2016-07-29,0.0154
2016-07-28,0.0158
2016-07-27,0.016
2016-07-26,0.0164
2016-07-25,0.0164
2016-07-24,0.0164
2016-07-23,0.0164
2016-07-22,0.0164
2016-07-21,0.0166
2016-07-20,0.0166
2016-07-19,0.0163
2016-07-18,0.0165
2016-07-17,0.0165
2016-07-16,0.0165
2016-07-15,0.0166
2016-07-14,0.0159
2016-07-13,0.0153
2016-07-12,0.0157
2016-07-11,0.0148
2016-07-10,0.0148
2016-07-09,0.0148
2016-07-08,0.0147
2016-07-07,0.0148
2016-07-06,0.0149
2016-07-05,0.0152
2016-07-04,0.0159
2016-07-03,0.0159
2016-07-02,0.0159
2016-07-01,0.0159
2016-06-30,0.0163
2016-06-29,0.0167
2016-06-28,0.0164
2016-06-27,0.0164
2016-06-26,0.0164
2016-06-25,0.0164
2016-06-24,0.0173
2016-06-23,0.0184
2016-06-22,0.0179
2016-06-21,0.018
2016-06-20,0.0175
2016-06-19,0.0175
2016-06-18,0.0175
2016-06-17,0.0168
2016-06-16,0.0167
2016-06-15,0.0167
2016-06-14,0.0169
2016-06-13,0.0169
2016-06-12,0.0169
2016-06-11,0.0169
2016-06-10,0.017
2016-06-09,0.0175
2016-06-08,0.0177
2016-06-07,0.0178
2016-06-06,0.0179
2016-06-05,0.0179
2016-06-04,0.0179
2016-06-03,0.0175
2016-06-02,0.0181
2016-06-01,0.018
2016-05-31,0.0181
2016-05-30,0.0184
2016-05-29,0.0184
2016-05-28,0.0184
2016-05-27,0.0184
2016-05-26,0.0183
2016-05-25,0.0187
2016-05-24,0.0186
2016-05-23,0.0186
2016-05-22,0.0186
2016-05-21,0.0186
2016-05-20,0.0184
2016-05-19,0.0183
2016-05-18,0.0186
2016-05-17,0.0181
2016-05-16,0.0183
2016-05-15,0.0183
2016-05-14,0.0183
2016-05-13,0.0179
2016-05-12,0.0183
2016-05-11,0.0181
2016-05-10,0.0181
2016-05-09,0.0181
2016-05-08,0.0181
2016-05-07,0.0181
2016-05-06,0.0184
2016-05-05,0.0184
2016-05-04,0.0188
2016-05-03,0.0193
2016-05-02,0.0198
2016-05-01,0.0198
2016-04-30,0.0198
2016-04-29,0.0195
2016-04-28,0.0192
2016-04-27,0.0194
2016-04-26,0.0198
2016-04-25,0.0198
2016-04-24,0.0198
2016-04-23,0.0198
2016-04-22,0.0196
2016-04-21,0.0193
2016-04-20,0.0191
2016-04-19,0.0189
2016-04-18,0.0187
2016-04-17,0.0187
2016-04-16,0.0187
2016-04-15,0.0184
2016-04-14,0.0187
2016-04-13,0.0184
2016-04-12,0.0186
2016-04-11,0.0183
2016-04-10,0.0183
2016-04-09,0.0183
2016-04-08,0.0182
2016-04-07,0.0178
2016-04-06,0.0182
2016-04-05,0.0179
2016-04-04,0.0185
2016-04-03,0.0185
2016-04-02,0.0185
2016-04-01,0.0187
2016-03-31,0.0186
2016-03-30,0.0186
2016-03-29,0.0182
2016-03-28,0.0189
2016-03-27,0.0189
2016-03-26,0.0189
2016-03-25,0.0189
2016-03-24,0.019
2016-03-23,0.0189
2016-03-22,0.0194
2016-03-21,0.0195
2016-03-20,0.0195
2016-03-19,0.0195
2016-03-18,0.0193
2016-03-17,0.0193
2016-03-16,0.0194
2016-03-15,0.0194
2016-03-14,0.0197
2016-03-13,0.0197
2016-03-12,0.0197
2016-03-11,0.0197
2016-03-10,0.0192
2016-03-09,0.019
2016-03-08,0.0184
2016-03-07,0.0193
2016-03-06,0.0193
2016-03-05,0.0193
2016-03-04,0.0191
2016-03-03,0.0188
2016-03-02,0.019
2016-03-01,0.0188
2016-02-29,0.0182
2016-02-28,0.0182
2016-02-27,0.0182
2016-02-26,0.0181
2016-02-25,0.0177
2016-02-24,0.0178
2016-02-23,0.0178
2016-02-22,0.0177
2016-02-21,0.0177
2016-02-20,0.0177
2016-02-19,0.0177
2016-02-18,0.0176
2016-02-17,0.0181
2016-02-16,0.0181
2016-02-15,0.0181
2016-02-14,0.0181
2016-02-13,0.0181
2016-02-12,0.0177
2016-02-11,0.0167
2016-02-10,0.0166
2016-02-09,0.0171
2016-02-08,0.0171
2016-02-07,0.0171
2016-02-06,0.0171
2016-02-05,0.0179
2016-02-04,0.0182
2016-02-03,0.0181
2016-02-02,0.0178
2016-02-01,0.0189
2016-01-31,0.0189
2016-01-30,0.0189
2016-01-29,0.0187
2016-01-28,0.0189
2016-01-27,0.019
2016-01-26,0.0192
2016-01-25,0.0192
2016-01-24,0.0192
2016-01-23,0.0192
2016-01-22,0.0195
2016-01-21,0.0188
2016-01-20,0.018
2016-01-19,0.0185
2016-01-18,0.0184
2016-01-17,0.0184
2016-01-16,0.0184
2016-01-15,0.0183
2016-01-14,0.0191
2016-01-13,0.0188
2016-01-12,0.0191
2016-01-11,0.0196
2016-01-10,0.0196
2016-01-09,0.0196
2016-01-08,0.0193
2016-01-07,0.0195
2016-01-06,0.0196
2016-01-05,0.0201
2016-01-04,0.0201
2016-01-03,0.0201
2016-01-02,0.0201
2016-01-01,0.0201
2015-12-31,0.0203
2015-12-30,0.0204
2015-12-29,0.0204
2015-12-28,0.0204
2015-12-27,0.0204
2015-12-26,0.0204
2015-12-25,0.0204
2015-12-24,0.0201
2015-12-23,0.0204
2015-12-22,0.0202
2015-12-21,0.0199
2015-12-20,0.0199
2015-12-19,0.0199
2015-12-18,0.02
2015-12-17,0.0204
2015-12-16,0.021
2015-12-15,0.021
2015-12-14,0.0208
2015-12-13,0.0208
2015-12-12,0.0208
2015-12-11,0.0203
2015-12-10,0.021
2015-12-09,0.0211
2015-12-08,0.0211
2015-12-07,0.0211
2015-12-06,0.0211
2015-12-05,0.0211
2015-12-04,0.0217
2015-12-03,0.0221
2015-12-02,0.0211
2015-12-01,0.021
2015-11-30,0.0217
2015-11-29,0.0217
2015-11-28,0.0217
2015-11-27,0.0217
2015-11-26,0.0216
2015-11-25,0.0217
2015-11-24,0.022
2015-11-23,0.0221
2015-11-22,0.0221
2015-11-21,0.0221
2015-11-20,0.0221
2015-11-19,0.022
2015-11-18,0.0224
2015-11-17,0.0224
2015-11-16,0.0223
2015-11-15,0.0223
2015-11-14,0.0223
2015-11-13,0.0223
2015-11-12,0.0228
2015-11-11,0.0228
2015-11-10,0.0229
2015-11-09,0.0231
2015-11-08,0.0231
2015-11-07,0.0231
2015-11-06,0.023
2015-11-05,0.0226
2015-11-04,0.0224
2015-11-03,0.0223
2015-11-02,0.022
2015-11-01,0.022
2015-10-31,0.022
2015-10-30,0.0218
2015-10-29,0.0219
2015-10-28,0.0213
2015-10-27,0.0209
2015-10-26,0.0212
2015-10-25,0.0212
2015-10-24,0.0212
2015-10-23,0.0218
2015-10-22,0.0213
2015-10-21,0.0214
2015-10-20,0.0221
2015-10-19,0.0213
2015-10-18,0.0213
2015-10-17,0.0213
2015-10-16,0.0213
2015-10-15,0.0211
2015-10-14,0.0208
2015-10-13,0.0212
2015-10-12,0.0212
2015-10-11,0.0212
2015-10-10,0.0212
2015-10-09,0.0219
2015-10-08,0.0217
2015-10-07,0.0212
2015-10-06,0.021
2015-10-05,0.021
2015-10-04,0.021
2015-10-03,0.021
2015-10-02,0.0206
2015-10-01,0.0208
2015-09-30,0.0209
2015-09-29,0.0206
2015-09-28,0.0207
2015-09-27,0.0207
2015-09-26,0.0207
2015-09-25,0.0215
2015-09-24,0.0209
2015-09-23,0.0211
2015-09-22,0.0211
2015-09-21,0.0217
2015-09-20,0.0217
2015-09-19,0.0217
2015-09-18,0.021
2015-09-17,0.0217
2015-09-16,0.0221
2015-09-15,0.0219
2015-09-14,0.0209
2015-09-13,0.0209
2015-09-12,0.0209
2015-09-11,0.0211
2015-09-10,0.0214
2015-09-09,0.0213
2015-09-08,0.0212
2015-09-07,0.0212
2015-09-06,0.0212
2015-09-05,0.0212
2015-09-04,0.0208
2015-09-03,0.021
2015-09-02,0.0209
2015-09-01,0.0206
2015-08-31,0.0211
2015-08-30,0.0211
2015-08-29,0.0211
2015-08-28,0.0207
2015-08-27,0.0208
2015-08-26,0.0208
2015-08-25,0.0196
2015-08-24,0.0188
2015-08-23,0.0188
2015-08-22,0.0188
2015-08-21,0.0189
2015-08-20,0.019
2015-08-19,0.0192
2015-08-18,0.0198
2015-08-17,0.0196
2015-08-16,0.0196
2015-08-15,0.0196
2015-08-14,0.0197
2015-08-13,0.0198
2015-08-12,0.0197
2015-08-11,0.0197
2015-08-10,0.0203
2015-08-09,0.0203
2015-08-08,0.0203
2015-08-07,0.0198
2015-08-06,0.0201
2015-08-05,0.0203
2015-08-04,0.02
2015-08-03,0.02
2015-08-02,0.02
2015-08-01,0.02
2015-07-31,0.0201
2015-07-30,0.0205
2015-07-29,0.0209
2015-07-28,0.0206
2015-07-27,0.0201
2015-07-26,0.0201
2015-07-25,0.0201
2015-07-24,0.0204
2015-07-23,0.0206
2015-07-22,0.0211
2015-07-21,0.0214
2015-07-20,0.0214
2015-07-19,0.0214
2015-07-18,0.0214
2015-07-17,0.0212
2015-07-16,0.0214
2015-07-15,0.0217
2015-07-14,0.0222
2015-07-13,0.0224
2015-07-12,0.0224
2015-07-11,0.0224
2015-07-10,0.0223
2015-07-09,0.0214
2015-07-08,0.0207
2015-07-07,0.0212
2015-07-06,0.0218
2015-07-05,0.0218
2015-07-04,0.0218
2015-07-03,0.0224
2015-07-02,0.0227
2015-07-01,0.0227
2015-06-30,0.0221
2015-06-29,0.0226
2015-06-28,0.0226
2015-06-27,0.0226
2015-06-26,0.0237
2015-06-25,0.0232
2015-06-24,0.0229
2015-06-23,0.0233
2015-06-22,0.0231
2015-06-21,0.0231
2015-06-20,0.0231
2015-06-19,0.0224
2015-06-18,0.023
2015-06-17,0.0227
2015-06-16,0.0225
2015-06-15,0.0228
2015-06-14,0.0228
2015-06-13,0.0228
2015-06-12,0.0231
2015-06-11,0.0233
2015-06-10,0.024
2015-06-09,0.0236
2015-06-08,0.023
2015-06-07,0.023
2015-06-06,0.023
2015-06-05,0.0231
2015-06-04,0.0224
2015-06-03,0.0229
2015-06-02,0.0221
2015-06-01,0.0206
2015-05-31,0.0206
2015-05-30,0.0206
2015-05-29,0.0204
2015-05-28,0.0207
2015-05-27,0.0208
2015-05-26,0.0212
2015-05-25,0.022
2015-05-24,0.022
2015-05-23,0.022
2015-05-22,0.0218
2015-05-21,0.0217
2015-05-20,0.0223
2015-05-19,0.0225
2015-05-18,0.0225
2015-05-17,0.0225
2015-05-16,0.0225
2015-05-15,0.0215
2015-05-14,0.0223
2015-05-13,0.0225
2015-05-12,0.0222
2015-05-11,0.0223
2015-05-10,0.0223
2015-05-09,0.0223
2015-05-08,0.0212
2015-05-07,0.0216
2015-05-06,0.0223
2015-05-05,0.0215
2015-05-04,0.0213
2015-05-03,0.0213
2015-05-02,0.0213
2015-05-01,0.0207
2015-04-30,0.0201
2015-04-29,0.0201
2015-04-28,0.0198
2015-04-27,0.0188
2015-04-26,0.0188
2015-04-25,0.0188
2015-04-24,0.0187
2015-04-23,0.019
2015-04-22,0.0192
2015-04-21,0.0187
2015-04-20,0.0187
2015-04-19,0.0187
2015-04-18,0.0187
2015-04-17,0.0185
2015-04-16,0.0184
2015-04-15,0.0181
2015-04-14,0.0179
2015-04-13,0.0184
2015-04-12,0.0184
2015-04-11,0.0184
2015-04-10,0.0185
2015-04-09,0.0184
2015-04-08,0.018
2015-04-07,0.0181
2015-04-06,0.0182
2015-04-05,0.0182
2015-04-04,0.0182
2015-04-03,0.0182
2015-04-02,0.0178
2015-04-01,0.0177
2015-03-31,0.0181
2015-03-30,0.0182
2015-03-29,0.0182
2015-03-28,0.0182
2015-03-27,0.0182
2015-03-26,0.0187
2015-03-25,0.0179
2015-03-24,0.0176
2015-03-23,0.0176
2015-03-22,0.0176
2015-03-21,0.0176
2015-03-20,0.0176
2015-03-19,0.0177
2015-03-18,0.0179
2015-03-17,0.0187
2015-03-16,0.019
2015-03-15,0.019
2015-03-14,0.019
2015-03-13,0.0193
2015-03-12,0.0194
2015-03-11,0.0195
2015-03-10,0.0199
2015-03-09,0.0203
2015-03-08,0.0203
2015-03-07,0.0203
2015-03-06,0.0205
2015-03-05,0.0196
2015-03-04,0.0193
2015-03-03,0.0186
2015-03-02,0.0181
2015-03-01,0.0181
2015-02-28,0.0181
2015-02-27,0.0174
2015-02-26,0.0179
2015-02-25,0.0176
2015-02-24,0.0177
2015-02-23,0.0182
2015-02-22,0.0182
2015-02-21,0.0182
2015-02-20,0.0188
2015-02-19,0.0189
2015-02-18,0.0191
2015-02-17,0.0194
2015-02-16,0.0194
2015-02-15,0.0194
2015-02-14,0.0194
2015-02-13,0.0188
2015-02-12,0.0184
2015-02-11,0.0187
2015-02-10,0.0186
2015-02-09,0.0184
2015-02-08,0.0184
2015-02-07,0.0184
2015-02-06,0.0184
2015-02-05,0.0176
2015-02-04,0.0169
2015-02-03,0.0171
2015-02-02,0.0165
2015-02-01,0.0165
2015-01-31,0.0165
2015-01-30,0.0167
2015-01-29,0.0176
2015-01-28,0.0175
2015-01-27,0.0181
2015-01-26,0.0187
2015-01-25,0.0187
2015-01-24,0.0187
2015-01-23,0.0186
2015-01-22,0.0191
2015-01-21,0.0189
2015-01-20,0.0193
2015-01-19,0.0195
2015-01-18,0.0195
2015-01-17,0.0195
2015-01-16,0.0197
2015-01-15,0.0193
2015-01-14,0.0201
2015-01-13,0.0204
2015-01-12,0.0205
2015-01-11,0.0205
2015-01-10,0.0205
2015-01-09,0.021
2015-01-08,0.0214
2015-01-07,0.0209
2015-01-06,0.0208
2015-01-05,0.0212
2015-01-04,0.0212
2015-01-03,0.0212
2015-01-02,0.0218
2015-01-01,0.0218
2014-12-31,0.0222
2014-12-30,0.0224
2014-12-29,0.0227
2014-12-28,0.0227
2014-12-27,0.0227
2014-12-26,0.0227
2014-12-25,0.0227
2014-12-24,0.0232
2014-12-23,0.0231
2014-12-22,0.0222
2014-12-21,0.0222
2014-12-20,0.0222
2014-12-19,0.0223
2014-12-18,0.0227
2014-12-17,0.0222
2014-12-16,0.0217
2014-12-15,0.0221
2014-12-14,0.0221
2014-12-13,0.0221
2014-12-12,0.0219
2014-12-11,0.0225
2014-12-10,0.0225
2014-12-09,0.023
2014-12-08,0.0231
2014-12-07,0.0231
2014-12-06,0.0231
2014-12-05,0.0237
2014-12-04,0.0234
2014-12-03,0.0237
2014-12-02,0.0238
2014-12-01,0.0232
2014-11-30,0.0232
2014-11-29,0.0232
2014-11-28,0.0228
2014-11-27,0.0233
2014-11-26,0.0236
2014-11-25,0.0237
2014-11-24,0.024
2014-11-23,0.024
2014-11-22,0.024
2014-11-21,0.0243
2014-11-20,0.0245
2014-11-19,0.0247
2014-11-18,0.0243
2014-11-17,0.0246
2014-11-16,0.0246
2014-11-15,0.0246
2014-11-14,0.0247
2014-11-13,0.0248
2014-11-12,0.0249
2014-11-11,0.0249
2014-11-10,0.0249
2014-11-09,0.0249
2014-11-08,0.0249
2014-11-07,0.0246
2014-11-06,0.0251
2014-11-05,0.0246
2014-11-04,0.0245
2014-11-03,0.0246
2014-11-02,0.0246
2014-11-01,0.0246
2014-10-31,0.0246
2014-10-30,0.0246
2014-10-29,0.0246
2014-10-28,0.0245
2014-10-27,0.0243
2014-10-26,0.0243
2014-10-25,0.0243
2014-10-24,0.0242
2014-10-23,0.0242
2014-10-22,0.024
2014-10-21,0.024
2014-10-20,0.0238
2014-10-19,0.0238
2014-10-18,0.0238
2014-10-17,0.0239
2014-10-16,0.0237
2014-10-15,0.0233
2014-10-14,0.0237
2014-10-13,0.0237
2014-10-12,0.0237
2014-10-11,0.0237
2014-10-10,0.0243
2014-10-09,0.0245
2014-10-08,0.0243
2014-10-07,0.0244
2014-10-06,0.0248
2014-10-05,0.0248
2014-10-04,0.0248
2014-10-03,0.025
2014-10-02,0.0251
2014-10-01,0.0249
2014-09-30,0.0256
2014-09-29,0.0253
2014-09-28,0.0253
2014-09-27,0.0253
2014-09-26,0.0256
2014-09-25,0.0256
2014-09-24,0.0261
2014-09-23,0.0259
2014-09-22,0.0262
2014-09-21,0.0262
2014-09-20,0.0262
2014-09-19,0.0264
2014-09-18,0.0268
2014-09-17,0.0267
2014-09-16,0.0265
2014-09-15,0.0264
2014-09-14,0.0264
2014-09-13,0.0264
2014-09-12,0.0264
2014-09-11,0.026
2014-09-10,0.026
2014-09-09,0.0258
2014-09-08,0.0256
2014-09-07,0.0256
2014-09-06,0.0256
2014-09-05,0.0254
2014-09-04,0.0254
2014-09-03,0.0251
2014-09-02,0.0251
2014-09-01,0.0251
2014-08-31,0.0251
2014-08-30,0.0251
2014-08-29,0.0243
2014-08-28,0.0243
2014-08-27,0.0244
2014-08-26,0.0247
2014-08-25,0.0247
2014-08-24,0.0247
2014-08-23,0.0247
2014-08-22,0.025
2014-08-21,0.0251
2014-08-20,0.0253
2014-08-19,0.025
2014-08-18,0.0249
2014-08-17,0.0249
2014-08-16,0.0249
2014-08-15,0.0246
2014-08-14,0.0249
2014-08-13,0.0251
2014-08-12,0.0254
2014-08-11,0.0251
2014-08-10,0.0251
2014-08-09,0.0251
2014-08-08,0.025
2014-08-07,0.025
2014-08-06,0.0253
2014-08-05,0.0253
2014-08-04,0.0253
2014-08-03,0.0253
2014-08-02,0.0253
2014-08-01,0.0254
2014-07-31,0.0258
